18	ホイルローダ	WA470-5	SAA6D125E	E#~316946	150KN	977KPW	[600-319-3310]	178-450,C=527K	FUEL欄は純正番号表示（淡色・検証中）。HYD欄に「ST/M714-07-2871?」の併記あり（判読不確実）
18	ホイルローダ	WA470-5	SAA6D125E	#70001~	150KN	977KPW	3510KF+4540PF	178-450,C=527K	HYD欄に「ST/M714-07-2871?」の併記あり（判読不確実）
18	ホイルローダ	WA470-6	SAA6D125E		150KN	977KPW	3550KF+4540PF	178-450	HYD欄に「T/M=淡色の純正番号」の併記あり（判読困難・原本確認）
18	ホイルローダ	WA470-7			150KN	977KPW	3840KF+4800KF	178-450	HYD欄に「T/M=淡色の純正番号」の併記あり（判読困難・原本確認）
18	ホイルローダ	WA470-8	SAA6D125E	#100001~	150KN	977KPW	3840KF+4800KF	178-450	HYD欄に「T/M=淡色の純正番号」の併記あり（判読困難・原本確認）
18	ホイルローダ	WA470-10	SAA6D125E	#120001~	150KN	977KPW	3840KF+4800KF	150-200N	HYD欄に「T/M=淡色の純正番号」の併記あり（判読困難・原本確認）
18	ホイルローダ	WA480-5	SAA6D125E	E#~316946	150KN	977KPW	[600-319-3310]	178-450,C=527KS	FUEL欄は純正番号表示（淡色・検証中）。HYD欄に「T/M714-07-2?7??」の併記あり（判読不確実）
18	ホイルローダ	WA480-5	SAA6D125E	#70001~	150KN	977KPW	3510KF+4540PF	178-450,C=527KS	HYD欄に「T/M714-07-2?7??」の併記あり（判読不確実）
18	ホイルローダ	WA480-6	SAA6D125E		150KN	977KPW	3550KF+4540PF	178-450	HYD欄に「T/M=淡色の純正番号」の併記あり（判読困難・原本確認）
18	ホイルローダ	WA480-7			150KN	977KPW	3840KF+4800KF	178-450	HYD欄に「T/M=淡色の純正番号」の併記あり（判読困難・原本確認）
18	ホイルローダ	WA480-8	SAA6D125E	#100001~	150KN	977KPW	3840KF+4800KF	178-450	HYD欄に「T/M=淡色の純正番号」の併記あり（判読困難・原本確認）
18	ホイルローダ	WA500-1	S6D140	#10001~	150K+527K	492N	150F	150-300×2,T=1114
18	ホイルローダ	WA500-3	S6D140E	#50001~	150K+527K	492N	150F	T=1114×2
18	ホイルローダ	WA500-3	SAA6D140E		150KN	496PW	3510KF(~E#114518),3550KF(E#114519~)	178-450,T=1114×2
18	ホイルローダ	WA500-3	SA6D140E		527KQ	496PW	3510KF(~E#114518),3550KF(E#114519~)	178-450,T=1114×2	原本ではOIL欄が「150KN／527KQ」の2段表記（エンジン行ごとに記載）
18	ホイルローダ	WA500-6		#55001~	150KN×2+527KH	496PW	3550KF+4540PF	[209-60-77532],T=1114×2	HYD欄の番号は純正番号表示（淡色・検証中）
18	ホイルローダ	WA500-6		#55531~	150KN×2+527KH	496PW	3840KF+4540PF	[209-60-77532],T=1114×2	HYD欄の番号は純正番号表示（淡色・検証中）
18	ホイルローダ	WA500-7		#10001~	150KN×2	496PW	3840KF+4800KF		HYD欄に淡色の純正番号表記あり：209-60-77532 と読める（判読不確実・原本確認）
18	ホイルローダ	WA600-1	S6D170	#10001~	150K×2+527KH	492N	165FN×2	150-300×2,T=1114×3
18	ホイルローダ	WA600-1	S6D170	#10865~	150K×2+527KH	492N	165FN×2	150-300×2,T=1114×3
18	ホイルローダ	WA600-3	SA6D170	#50001~	150K×2+527KH	492N	165FN×2,WS=600-319-3111×2	150-450×2,T=1114×3
18	ホイルローダ	WA600-3	SAA6D107	#52000~	150K×2+527KH	496PW	165FN×2,WS=600-319-3111×2	150-450×2,T=1114×3	エンジン型式は原本の印字どおり「SAA6D107」
18	ホイルローダ	WA700(-1)	SA6D170	#10001~	150K×2+527KH	492N	165FN×3	150-300×3,T=1114×4
18	ホイルローダ	WA700-3	SA6D170	#50001~	150K×2+527KH	492N×2	165FN×3	150-450×2,T=1114×4
18	ホイルローダ	WA800-1	SA6D170		150K×3+527KH	492N×2	150F×2+516KH	150-300×4,T=1114×6
18	ホイルローダ	WA800-1	SA12V140	#10001~10448	150K×2+527KH	492N×2	150F×2+516KH	150-300×4,T=1114×6
18	ホイルローダ	WA800-1	SA12V140	#10449~	150K×4+527KH	492N×2	150F×2+516KH	150-300×4,T=1114×6
18	ホイルローダ	WA800-3	SA12V140	#10001~	150K×4	492N×2	150F×2	150-450×3,T=1114×4
18	ホイルローダ	WA900-1	SA12V140	#10001~	150K×4+527KH	492N×2	150F×2	150-300×4,T=1114×6
18	ホイルローダ	WA900-3	SA12V140	#50001~	150K×4	492N×2	150F×2	150-450×3,T=1114×4
18	ホイルローダ	WA900-8R	SA12V140		150K×4	496PW×2	3840KF×2		FUEL欄に「+421-60-35170×1」と読める淡色の純正番号の併記あり（判読不確実・原本確認）
18	ホイルローダ	WA1200-6	SSDA16V160
18	ホイルローダ	WR8-1	4D95L	#19001~	103-3N	836T	516KH	35310,T=1114
18	ホイルローダ	WR11-1	6D95L	#29005~	103-3N	823NH	516KH	1222,T=1114
18	ホイルローダ	WR11-3	S4D102E	#53001~	103-6	810TW	201-3	1222,T=1114
18	ホイルローダ	WR12	SAA4D102E		103-6	823NHPW	201-3
18	ホイルローダ	WR12-5	SAA4D102E	#55001~	103-6	823NHPW	201-3	[419-60-35152]	HYD欄は純正番号表示（淡色・検証中）
18	ホイルローダ	WR12-6	SAA4D95LE		205SK	823NHPW	3530KF+4110KF	[419-60-35152]	HYD欄は純正番号表示（淡色・検証中）
18	ホイルローダ	WR12-6	SAA4D95LE	E#516805~	205SK	823NHPW	3870KF+4110KF	[419-60-35152]	HYD欄は純正番号表示（淡色・検証中）
