180	（区分見出しなし）	RS55	EH09D						データ欄は空欄（機種名・エンジン名のみ印字）。紙面がやや右上がり（右側列は行とほぼ同じ高さ）で、行対応を位置で確認
180	（区分見出しなし）	RS55E							データ欄は空欄（機種名・エンジン名のみ印字）
180	（区分見出しなし）	RS65,75	EH12						データ欄は空欄（機種名・エンジン名のみ印字）
180	（区分見出しなし）	RV50	CX120X1						データ欄は空欄（機種名・エンジン名のみ印字）
180	（区分見出しなし）	RW702-F	32A						データ欄は空欄（機種名・エンジン名のみ印字）
180	（区分見出しなし）	SG15	D600		203S	838N	30-85		
180	（区分見出しなし）	SG25	DH1102		103N-1	837N/837NR	564KSN		
180	（区分見出しなし）	SG40・41	V1502		103N-1	837N/837NR	564KSN/524		
180	（区分見出しなし）	SG150	L90DED		???	???	???		OIL・AIR・FUEL欄に小さな薄い印字あり（111250-35070／114650-55120／114650-12090に見えるが判読不可）
180	（区分見出しなし）	SG350	3KR1		203C	837NR	203NF/524		
180	（区分見出しなし）	SG500	V1512		103N-1	837N/837NR	564KSN/524		
180	（区分見出しなし）	SG500A							データ欄は空欄（機種名・エンジン名のみ印字）。エンジン欄も空欄
180	（区分見出しなし）	SH1508	F3L912		103-3		201-3		AIR欄は空欄
180	（区分見出しなし）	STD15	C240		G67-O	446N	516B		OIL欄の「G67-O」の O と 0 の判別は原本で要確認
180	（区分見出しなし）	SV6	E60N			E60N	30-85	109F	OIL欄は空欄
180	（区分見出しなし）	SV8	NM7			YMA-2(廃版)	30-58	109F	OIL欄は空欄
180	（区分見出しなし）	SV8E.8E-S	D75			YMA-2(廃版)	532-65	109F	OIL欄は空欄
180	（区分見出しなし）	SV25	E90FB				516B		OIL・AIR欄は空欄
180	（区分見出しなし）	SV25H	2AB(BB)1		200S	401	532N		
180	（区分見出しなし）	SV40H			200S	401	516B		エンジン欄は空欄
180	（区分見出しなし）	SV70(T.D)	F5L912		207N	823NH	201-3		
180	（区分見出しなし）	SV90.A(D.T)	DA640		314-1	815NN	540		
180	（区分見出しなし）	SV91	6BG1		121	815NN	540	109F	
180	（区分見出しなし）	SV91.A(T.D)	6BD1T		121+349KN	815NN	540	150SHX×2+CSP10-10×1	機種名・エンジン・AIR・FUEL・HYD欄は2行にまたがる結合セル
180	（区分見出しなし）	SV91.A(T.D)	6BD1T		121CD+121BD	815NN	540	150SHX×2+CSP10-10×1	機種名・エンジン・AIR・FUEL・HYD欄は2行にまたがる結合セル
180	（区分見出しなし）	SV91C.CA.CT.CD	F6L912		207N	815NN	201-3		
180	（区分見出しなし）	SV160D.T	6BG1T		121CD+121BD	494KW	109HFN		
180	（区分見出しなし）	SV200D.T	4JB1		106DS	837NR	203NF		
180	（区分見出しなし）	SV500A.T.D	6BD1		121	810T/494K	540		
180	（区分見出しなし）	SV510D.DT(-1)	6BG1		121CD+121BD	494KW	???		FUEL欄に小さな薄い印字あり（4031-22003-0に見えるが判読不可）
180	（区分見出しなし）	SV510DVC1	6BG1						データ欄は空欄（機種名・エンジン名のみ印字）
180	（区分見出しなし）	SV512(#)-1	QSB4.5		3970LF	823NHPW	6140KF+FS19732		
180	（区分見出しなし）	SV512D(V)	6BG1T		121CD+121BD	809PW	109HFN		
180	（区分見出しなし）	SV512T(V)	6BG1T						データ欄は空欄（機種名・エンジン名のみ印字）
180	（区分見出しなし）	SV513D,T,TF	QSB4.5		3970LF	5021DA+5312DB	3054MXF+334HF	101KBF	
180	（区分見出しなし）	SV514D,T,TF	QSF3.8		6015LF	5021DA+5320DB	???	150KBS×2	FUEL欄に小さな薄い印字あり（FF0026600MX+FS0109800に見える）
180	（区分見出しなし）	SV750	4BD1		209S	823N/823NR	109SFN		
180	（区分見出しなし）	SV900T(V),D(V)	4HK1		121CD+121BD	494KW	109HFN		機種名・OIL・FUEL欄は2行にまたがる結合セル
180	（区分見出しなし）	SV900T(V),D(V)	#10139~		121CD+121BD	809PW	109HFN		機種名・OIL・FUEL欄は2行にまたがる結合セル。エンジン欄の下段はシリアル
