ページ,機種区分,型式,エンジン,シリアル,オイル,エア,燃料,作動油,備考
"1","ブルドーザ","D10S-1","2D92","#1002~","101H","839N","500E","","HYD欄に淡色の純正番号表記あり（判読困難・原本確認）"
"1","ブルドーザ","D10-2","2D94","#6001~","103-3","839N","500E","103-3",""
"1","ブルドーザ","D20·21(A,S,P)-3","4D92","#20007~","103-3","835N","516B","1221-2",""
"1","ブルドーザ","D20·21-5","4D94","#45001~","103-3","836NW","516KH","33130",""
"1","ブルドーザ","D20·21-6","4D95S","#60001~","103-3N","836NW","516KH","33130",""
"1","ブルドーザ","D20A,AG-7","4D95S","#75001~78603","103-3N","836NW","516KH","33130",""
"1","ブルドーザ","D20P,PG-7A","4D95S","#75001~78603","103-3N","836NW","516KH","33130",""
"1","ブルドーザ","D20PL,PLL-7","4D95S","#62001~62453","103-3N","836NW","516KH","33130",""
"1","ブルドーザ","D20S,Q-7","4D95S","#61001~61131","103-3N","836NW","516KH","33130",""
"1","ブルドーザ","D21A,AG-7","4D95S","#75001~78603","103-3N","836NW","516KH","33130",""
"1","ブルドーザ","D21P,PG-7A","4D95S","#75001~78603","103-3N","836NW","516KH","33130",""
"1","ブルドーザ","D21PL-7","4D95S","#62001~62453","103-3N","836NW","516KH","33130",""
"1","ブルドーザ","D21S,Q,QG-7","4D95S","#61001~61131","103-3N","836NW","516KH","33130",""
"1","ブルドーザ","D21A,P-7T","4D95S","#75001~78603","103-3N","836NR","516KH","33130",""
"1","ブルドーザ","D20·21A-7","4D94E","#78604~","106S","836P(W)","107SF","33130",""
"1","ブルドーザ","D20·21P-7A","4D94E","#78604~","106S","836P(W)","107SF","33130",""
"1","ブルドーザ","D20PL,PLL-7","4D94E","#62454~","106S","836P(W)","107SF","33130",""
"1","ブルドーザ","D21PL-7","4D94E","#62454","106S","836P(W)","107SF","33130",""
"1","ブルドーザ","D20·21S,Q-7","4D94E","#61132~","106S","836P(W)","107SF","33130",""
"1","ブルドーザ","D20(PL,PLL)-8","4D94L","","203","836P(W)","107SF","33130",""
"1","ブルドーザ","D20(P,A)-8","4D94L","","203","836P(W)","107SF","33130",""
"1","ブルドーザ","D21A,P-7T","4D98E","#78604~","106S","836P(W)","107SF","33130",""
"1","ブルドーザ","D21Q-7","","","203","837P","107SF","33130",""
"1","ブルドーザ","D21(PL)-8(EO)","4D94L","#70001~","203","836P(W)","107SF","33130",""
"1","ブルドーザ","D21(P,A)-8(EO)","4D94L","#90001~","203","836P(W)","107SF","33130",""
"1","ブルドーザ","D27A-10","4D98E","#0002~","203","823NT(W)","3530KF+3530PF","",""
"1","ブルドーザ","D27P-10","","#0001~","","","","",""
"1","ブルドーザ","D27PL-10","","#10001~","","","","",""
"1","ブルドーザ","D30A,S,P,Q12","","","314-1","835","540","1221-2",""
"1","ブルドーザ","D30A,S,P,Q15","4D105","#15008~","103-3","835N","540","1221N",""
"1","ブルドーザ","D30A,S,P,Q15","4D105","#15014~","103-3","845","540","1221N,T=1221-2",""
"1","ブルドーザ","D31-16","4D105","E#40138~56494","103-3×2","845","101K","165K",""
"1","ブルドーザ","D31-16","4D105","E#56495~","103-3×2","823NH","101K","165K",""
"1","ブルドーザ","D31-17","4D105","#32001~","165K","823NH","516KH","33130",""
"1","ブルドーザ","D31-18","6D95L","#40001~","103-3N","823NH","516KH","33130",""
"1","ブルドーザ","D31A,AM-20","6D95L","#42001~","103-3N","823NH","516KH","33130",""
"1","ブルドーザ","D31P,PL(L)-20(A)","6D95L","#45001~","103-3N","823NH","516KH","33130",""
"1","ブルドーザ","D31S,Q,SM-20","6D95L","#41001~","103-3N","823NH","516KH","33130",""
"1","ブルドーザ","D31A(M)-20E","S4D102E","#42714~","103-6","810TW","201-3","33130",""
"2","ブルドーザ","D31SM-20E","S4D102E","#41184~","103-6","810TW","201-3","33130",""
"2","ブルドーザ","D31P(G)20(A)E","S4D102E","#47617~","103-6","810TW","201-3","33130",""
"2","ブルドーザ","D31P,PL-20","S4D102E","#47617~","103-6","810TW","201-3","33130",""
"2","ブルドーザ","D31PLL-20","S4D102E","#47653~","103-6","810TW","201-3","33130",""
"2","ブルドーザ","D31PX/EX-21","SAA4D102E","#60001~","103-6","823NHPW","201-3","33130",""
"2","ブルドーザ","D31PX/EX-22","SAA4D95LE","#60001~","205SK","823NHPW","3530KF+4110KF","33130",""
"2","ブルドーザ","D31PX/EX-22","SAA4D95LE","E#26516713~","205SK","823NHPW","3870KF+4110KF","33130",""
"2","ブルドーザ","D37A-2","6D95L","#2501~","103-3N","823NH","516KH","33130",""
"2","ブルドーザ","D37P-2A","6D95L","#2001~","103-3N","823NH","516KH","33130",""
"2","ブルドーザ","D37A,P-5(A)","6D95L","#3001~","103-3N","823NH","516KH","33130",""
"2","ブルドーザ","D37P(G)-5E(A)","S4D102E","#3661~","103-6","810TW","201-3","33130",""
"2","ブルドーザ","D37PL-20(C)E","S4D102E","","103-6","810TW","201-3","33130",""
"2","ブルドーザ","D37PLL-20(C)E","S4D102E","","103-6","810TW","201-3","33130",""
"2","ブルドーザ","D37PX/EX-21","SAA4D102E","#50001~","103-6","823NHPW","201-3","33130",""
"2","ブルドーザ","D37PX/EX-22","SAA4D95LE","","205SK","823NHPW","3530KF+4110KF","33130",""
"2","ブルドーザ","D37PX/EX-22","SAA4D95LE","E#516713~","205SK","823NHPW","3870KF+4110KF","33130",""
"2","ブルドーザ","D37PXi-23","","","205SK","","3870KF+4110KF","",""
"2","ブルドーザ","D37PXi-24","","","","","","",""
"2","ブルドーザ","D37PX/EX-24","","","","","","CV=101KBF",""
"2","ブルドーザ","D39PX/EX-21","SAA4D102E","#1001~","103-6","823NHPW","201-3","33130",""
"2","ブルドーザ","D39PX/EX-22","SAA4D107E","#3001~","207N-6","809PW","6140KF+3610KF","33130",""
"2","ブルドーザ","D39PX/EX-22","SAA4D107E","E#26547851~","207N-6","809PW","3750KF+3610KF","33130",""
"2","ブルドーザ","D39PX/EX-23","","","205SK","","3870KF+4110KF","","AIR欄・HYD欄は淡色の小文字表記：AIR 600-985-2810? ／HYD HST=712H(1Y-60-41310?) と読める（判読不確実・原本確認）"
"2","ブルドーザ","D39PX/EX-24","6D95LE","","205SK","809PW","3870KF+4110KF","CSP10-10,HST=712H",""
"2","ブルドーザ","D40·45(A,P)-1","S4D105","#1501~","103-3×2","450NN","540","1221N,S=1221-2",""
"2","ブルドーザ","D40·45(A,P)-1","S4D105","E#44578~","103-3×2","450NN","101K","1221N,S=1221-2",""
"2","ブルドーザ","D40·41-3,(PF)-5","6D105","#6001~10000","165K","815NN","101K","1222",""
"2","ブルドーザ","D40·41-3,(PF)-5","6D105","#10001~","165K+527K","815NN","165FN","1222",""
"2","ブルドーザ","D41E(P,PF)-6","S6D102E","#B20001~","207N-6","810TW/494KW","201-3","33130",""
"2","ブルドーザ","D41E(P,PF)-6EO","SA6D102E","","207N-6","809PW","201-3","","HYD欄に淡色の純正番号表記あり（判読困難のため未収録。原本確認）"
"2","ブルドーザ","D50A,P,S-1","4D120","#35002~","191N","450","529N","193",""
"2","ブルドーザ","D50A,P-16","4D130","E#10554~2389","191N","450N","529N","1221N,S=1221-2",""
"2","ブルドーザ","D50A,P-16","4D130","E#23892~","165K","450N","165FN","1221N,S=1221-2",""
"2","ブルドーザ","D50S-16","4D130","E#10554~23307","191N","450N","529N","195N,S=1221-2",""
"2","ブルドーザ","D50S-16","4D130","E#23308~","165K","450N","165FN","195N,S=1221-2",""
"2","ブルドーザ","D50S-16","4D130","#68001~","165K","450N","165FN","1221N,S=1221-2",""
"2","ブルドーザ","D51PX-22(0D080)","SAA6D107E","ecot3","207N-6","","6140KF+3610KF","33130","AIR欄に淡色の純正番号表記あり（判読困難のため未収録。原本確認）"
"2","ブルドーザ","D51PX-24PXi","","","","","","",""
"2","ブルドーザ","D53A,S-15","S4D120","#60001~","191N","460NN","529N","1221N,T=191AN",""
"2","ブルドーザ","D53A,P-16","4D130","E#10584~24259","191N","450N","529N","1221N,S=1221-2,T=191AN",""
"3","ブルドーザ","D53A,P-16","4D130","E#24260~","165K","450N","165FN","1221N,S=1221-2,T=191AN",""
"3","ブルドーザ","D53S-16","4D130","E#10684~23794","191N","450N","529N","1221N,S=1221-2,T=191AN",""
"3","ブルドーザ","D53S-16","4D130","E#23795~","165K","450N","165FN","1221N,S=1221-2,T=191AN",""
"3","ブルドーザ","D50·53A,P,PL-17","6D125","#80001~","165K","450N","165FN","1221N,S=1221-2,T=191AN",""
"3","ブルドーザ","D50S-15","S4D120","#2002~3688","191N","460NN","529N","193T、S=191AN",""
"3","ブルドーザ","D50S-15","S4D120","#3689~","191N","460NN","529N","195NT、S=191AN",""
"3","ブルドーザ","D50·53(A)-18","6D125","#83001~","165K","450N","165FN","1221N,S=1221-2",""
"3","ブルドーザ","D53S-17","4D130","#80001~","165K","450N","165FN","195N,S=1221-2",""
"3","ブルドーザ","D55-3,55S-15","S4D120","#2002~3688","191N","460NN","529N","193T,S=191AN",""
"3","ブルドーザ","D55-3,55S-15","S4D120","#3689~","191N","460NN","529N","195NT,S=191AN",""
"3","ブルドーザ","D57-1","S4D130","E#10006~23964","191N+5300N","460NN","529N","195N,S=1221-2,T=191AN",""
"3","ブルドーザ","D57-1","S4D130","E#23965~","165K+5300N","460NN","165FN","195N,S=1221-2,T=191AN",""
"3","ブルドーザ","D57-1B","S6D108","#20001~","165KC=527K","460NN","101K","195N,S=1221-2,T=191AN",""
"3","ブルドーザ","D60·65-6","NH-220-CI","E#18542~112050","192N+5300N+526","460NN","590","A,P,PL=1116,S,T=191AN",""
"3","ブルドーザ","D60·65-6","NH-220-CI","E#112051~","192N+5300N+527K","460NN","590","A,P,PL=1116,S,T=191AN",""
"3","ブルドーザ","D60S·65S-6","NH-220-CI","E#18542~112050","192N+5300N+526","460NN","590","195NS,T=191AN",""
"3","ブルドーザ","D60S·65S-6","NH-220-CI","E#112051~","192N+5300N+527K","460NN","590","195NS,T=191AN",""
"3","ブルドーザ","D60·65-7","NH-220-CI","#40001~","150K+5300N+527K","460NN","165FN×2","A,P,PL=1116,S=191AN,D65のみT=191AN",""
"3","ブルドーザ","D60S·65S-7","NH-220-CI","#40001~","150K+5300N+527K","460NN","165FN×2","195NS,T=191AN,D65のみT=191AN",""
"3","ブルドーザ","D60·65-8","6D125","#45001~","165K","460NN","165FN","1116S=191AN,D65のみT=191AN",""
"3","ブルドーザ","D60S·65S-8","6D125","#45001~","165K","460NN","165FN","195NS,T=191AN,D65のみT=191AN",""
"3","ブルドーザ","D60A·65P-11·BF60S-1","6D125","#50001~","165K","450N","165FN","1116S=191AN,D65のみT=191AN",""
"3","ブルドーザ","D60S·65S-11","6D125","#50001~","165K","450N","165FN","195NS,T=191AN,D65のみT=191AN",""
"3","ブルドーザ","D60E-12","S(A)6D114E","","9009LF","494KPW","201-3","","HYD欄に淡色の純正番号表記あり（判読困難のため未収録。原本確認）"
"3","ブルドーザ","D61P,PX-12","","","","","","","OIL欄に淡色の純正番号表記あり（判読困難のため未収録。原本確認）"
"3","ブルドーザ","D61E,EX-12","","","","","","",""
"3","ブルドーザ","D61P,PX-15","SA6D114E","#B40001~","9009LF","494KPW","201-3","110-100",""
"3","ブルドーザ","D61E,PX-15EO","SAA6D107E","","207N-6","494KPW","6140KF+3610KF","110-100",""
"3","ブルドーザ","D61E(P)Xi-23","","#30001~","207N-6","494KPW","3750KF+3610KF","110-100",""
"3","ブルドーザ","D61PXi-24","","#40001~","207N-6","494KPW","3750KF+3610KF","110-100N",""
"3","ブルドーザ","D60P-12","S6D125-1","#60001~","150K","495B","165FN","195N",""
"3","ブルドーザ","D65P,PX-12","S6D125-1","#60001~","150K","495B","165FN","T=1222",""
"3","ブルドーザ","D65E,EX-12","S6D125-1","#60001~","150K","495B","165FN","C=527K",""
"3","ブルドーザ","D65E-12","6D125-1","#60001~","165K","450N","165FN","",""
"3","ブルドーザ","D65P(E)X-15","SA6D125E","#67001~","150KN+527K","977KPW","3510KF/3550KF","1222,T=154-15-65660","FUEL欄の番号の後ろに小さな注記あり（判読困難）"
"3","ブルドーザ","D65P(E)X-15EO","SAA6D114E-3","#69001~","9009LF+527K","","6140KF+3610KF","110-200",""
"3","ブルドーザ","D65PX-16","","#80001~","9009LF","977KPW","6140KF+3610KF","110-200",""
"3","ブルドーザ","D65PX-16","","E#26858933~","9009LF","977KPW","3750KF+3610KF","",""
"3","ブルドーザ","D65PX-17","","","9009LF","977KPW","3750KF+3610KF","110-200",""
"3","ブルドーザ","D65E(P)Xi-18","","","","","","",""
"4","ブルドーザ","D66-1","SA6D110-1","#1001~","165K","495B","165FN","HST=1221-2",""
"4","ブルドーザ","D68E(P)Xi-18","","","","","","",""
"4","ブルドーザ","D71PX-24","SAA6D114E-6","","9009LF","977KPW","3750KF+3610KF","110-200+570NFN+…","HYD欄の末尾が綴じ目で欠けて判読不可（原本確認）"
"4","ブルドーザ","D75S-2","NH-220C1","#1004~","192N","490N","590","195N,S=191B",""
"4","ブルドーザ","D75-3","NTO-6-CI","E#134677~178566","192N+5300N","495B","590","195N,S=191BC=527K","HYD欄の末尾が綴じ目で一部欠け"
"4","ブルドーザ","D75-3","NTO-6-CI","E#178567~","150K+5300N","495B","165FN×2","195N,S=191BC=527K","HYD欄の末尾が綴じ目で一部欠け"
"4","ブルドーザ","D75-5","S6D125-1","#60001~","150K+(C=527K)","495B","165FN","195N,S,T=191B",""
"4","ブルドーザ","D80A-12","NH-220-CI","E#8013~112050","192N+5300N","D80=460","590","1222×2S=191ANC=527K","HYD欄の末尾が綴じ目で一部欠け"
"4","ブルドーザ","D80A-12","NH-220-CI","E#112051~","192N+5300N","D80=460","590","1222×2S=191ANC=527K","HYD欄の末尾が綴じ目で一部欠け"
"4","ブルドーザ","D80P-12","NTO-6-CI","#10001~","192N+5300N","495B","590","1222×2S=191ANC=527K","HYD欄の末尾が綴じ目で一部欠け"
"4","ブルドーザ","D80A(P)-18","NT-855","E#139849~","150K+5300N","492N","590","195N,S=191BC=527K","HYD欄の末尾が綴じ目で一部欠け"
"4","ブルドーザ","D80A(P)-18","NT-855","E#155898~","150K+5300N","492N","165FN×2","195N,S=191BC=527K","HYD欄の末尾が綴じ目で一部欠け"
"4","ブルドーザ","D85A-12","","","192N+5300N","490N","590","1222×2S=191ANT=122…","HYD欄の末尾が綴じ目で欠けて判読不可（原本確認）"
"4","ブルドーザ","D85A(P)-18","NT-855","E#139849~","150K+5300N","492N","590","195N,S=191BC=527K","HYD欄の末尾が綴じ目で一部欠け"
"4","ブルドーザ","D85A(P)-18","NT-855","E#155898~","150K+5300N","492N","165FN×2","195N,S=191BC=527K","HYD欄の末尾が綴じ目で一部欠け"
"4","ブルドーザ","D85A(P)-21","6D140-1","","150K","495B","165FN","195N,S=191B,C=527K,T=191B",""
"4","ブルドーザ","D85A(P)-21","S6D125E-2","#36534~","150K+151KB","495B","165FN","195N,S=191B,C=527K,T=191B",""
"4","ブルドーザ","D85E(P)X-15","SAA6D125E","#10001~","150KN","977KPW","3550KF","150-200",""
"4","ブルドーザ","D85E(P)X-15","SAA6D125E","#1201~","150KN","977KPW","3550KF+4540PF","150-200",""
"4","ブルドーザ","D85E(P)X-18","SAA6D125E","","150KN","977KPW","3840KF+4800KF","150-200",""
"4","ブルドーザ","D85E(P)Xi-18","","","","","","",""
"4","ブルドーザ","D95S-1","S4D155","#1003~","191N+5300N","495B","529N","195N,S=191BC=527K",""
"4","ブルドーザ","D95S-2","NT-855","#2001~","150K+5300N","492N","165FN×2","195NC=527KT,S=191B",""
"4","ブルドーザ","D120·125A-18","NRTO-6-C1","#2501~","192N+5300N+※526","","590","1220,T,S=1220",""
"4","ブルドーザ","D135-2","S6D140-1U","#10301~","150K","492N","165FN","195N,T,S=191B",""
"4","ブルドーザ","D150·155A-1","S6D155","10014~14256","191N×3+5300N","491NN","529N×2","195N,S=191B,T=191B,C=527K",""
"4","ブルドーザ","D150·155A-1","S6D155","14257~19999","191N×3+5300N","491NN","6127-71-6090×2","195N,S=191B,T=191B,C=527K","FUEL欄は純正番号表示（淡色・検証中）"
"4","ブルドーザ","D150·155A-1","S6D155","20000~24804","194N×3+5300N","492N","6127-71-6090×2","195N,S=191B,T=191B,C=527K","FUEL欄は純正番号表示（淡色・検証中）"
"4","ブルドーザ","D150·155A-1","S6D155","24805~","150K×2+5300N","492N","165FN×2","195N,S=191B,T=191B,C=527K",""
"4","ブルドーザ","D155(A)-2","S6D155","#50001~","150K×2+5300P","492N","165FN×2","195N,T,S=191B,C=527K",""
"4","ブルドーザ","DR450-1","S6D155","#10001~","150K×2+5300P","492N","165FN×2","195N,T,S=191B,C=527K",""
"4","ブルドーザ","D155S-1","S6D155","10014~15181","191N×3+5300N","491NN","529N×2","195N,S=191B,T=191B,C=527K",""
"4","ブルドーザ","D155S-1","S6D155","15182~19999","191N×3+5300N","492N","6127-71-6090×2","195N,S=191B,T=191B,C=527K","FUEL欄は純正番号表示（淡色・検証中）"
"4","ブルドーザ","D155S-1","S6D155","20000~25199","194N×3+5300N","492N","6127-71-6090×2","195N,S=191B,T=191B,C=527K","FUEL欄は純正番号表示（淡色・検証中）"
"4","ブルドーザ","D155S-1","S6D155","25200~","150K×2+5300N","492N","165FN×2","195N,S=191B,T=191B,C=527K",""
"4","ブルドーザ","D155-3","S4D140","#60001~60271","150K","492N","150F","195N",""
"4","ブルドーザ","D155X(AX)-3","SA6D140E","#60272~","C=527K","","","チャージバルブ=1222",""
"4","ブルドーザ","D155-5","SA6D140E","#70001~","","","","195N",""
"5","ブルドーザ","D155AX-5","SA6D140E","","150K","492N","150F","195N",""
"5","ブルドーザ","D155AX-5","SA6D140E","E#110001~","150KN","492N","","195N","FUEL欄は淡色の純正番号表記：600-311-7551 と読める（判読不確実・原本確認）"
"5","ブルドーザ","D155AX-6","SAA6D140E","","150KN","","3550KF+4540PF","",""
"5","ブルドーザ","D155AXi-8","","","","","","",""
"5","ブルドーザ","D275(A)-2","S6D170","#10001~10167","150K","492N","150F","195N",""
"5","ブルドーザ","D275(A)-2","S6D170","#10168~","150K+527K","","","195N×2",""
"5","ブルドーザ","D275AXGALEO","SDA6D140E","E#~114123","150KN","496PW","3510KF","",""
"5","ブルドーザ","D275AXGALEO","SDA6D140E","E#114124~","150KN+527KS","496PW","3520KF","195N×2",""
"5","ブルドーザ","D275AX-5EO","SAA6D140E","","","","","",""
"5","ブルドーザ","D355-1","S6D155-4","10011~14049","191N×3","491NN","165FN×2","150-300,T=1220×2,S=191B×2",""
"5","ブルドーザ","D355-1","S6D155-4","14050~","191N×3","492N","6127716090×2","150-300,T=1220×2,S=191B×2","FUEL欄は純正番号表示（淡色・検証中）"
"5","ブルドーザ","D355-3,5","SA6D155-4","20338~25899","194N×3","492N","6127716090×2","150-300,C=527K×2,T=191B,S=191B×2","FUEL欄は純正番号表示（淡色・検証中）"
"5","ブルドーザ","D355-3,5","SA6D155-4","25900~","150K×2+5300N","492N","165FN×2","150-300,C=527K×2,T=191B,S=191B×2",""
"5","ブルドーザ","D375(A)-1,2,3","SA6D170","#15001~","150K×2","492N","165FN×2","150-300 X",""
"5","ブルドーザ","D375AGALEO","SA6D170","#18001~","150K×2","496PW","3510KF×2","",""
"5","ブルドーザ","D375A-5EO","SAA6D170","#50001~","150KN×3","496PW","3550KF","150-300L×2",""
"5","ブルドーザ","D375A-5D-07","","","150KN×3+527KH","","3550KF+4540PF×2","(150-300)",""
"5","ブルドーザ","D375A-8R","SAA6D170","#90001~","150KN×3","496PW","3840KF×2","150-300L×2",""
"5","ブルドーザ","D375A-7R","","","","","3840KF×2+…","(150-300)","FUEL欄「3840KF×2+」の後ろに淡色の純正番号表記：600-319-5?10×2 のように見える（判読不確実・原本確認）"
"5","ブルドーザ","D455-1","VTA-1710","#4033904~755210","…+5300N×2","492N×2","590×2","","OIL欄は淡色の「CULF-516×3」+5300N×2。HYD欄は淡色の純正番号表記：178-61-14160 と読める（判読不確実・原本確認）"
"5","ブルドーザ","D455-1","VTA-1710","#4033905","…+5300N×2","495B×2","","1002~1500 S,T=197H,1501~T,S=150-300","OIL欄は淡色の「CULF-516×3」+5300N×2（原本確認）"
"5","ブルドーザ","D455-1","VTA-1710","#E75221~","…+5300N×2","492N×2","","1002~1500 S,T=197H,1501~T,S=150-300","OIL欄は淡色の「CULF-516×3」+5300N×2。FUEL欄は淡色表記「CUFF202」（原本確認）"
"5","ブルドーザ","D475-1","SA8V170","#10001~","150K×3","492N×2","150F×2","150-450×2",""
"5","ブルドーザ","D475-2","SA12V140","#10001~","150K×2","492N×2","150F×2","150-450",""
"5","ブルドーザ","D475A-5","SDA120V140","#10601~","150K×4","492N×2","150F×2","150-450",""
"5","ブルドーザ","D475A","SAA12V140E","","","","","",""
"5","ブルドーザ","D475A-8R","","","","","","",""
"5","ブルドーザ","D575-2","SA12V170","#10001~","150K×4+151KB×3","492N×3","150F×3","150-450×2",""
"5","パワーショベル","10-HT·Q·W-1","4D92","#1001~","103-3","823N","516B","1221-2",""
"5","パワーショベル","10-HT·HQ-2","4D94","#6001~","103-3","836N","516KH","1222",""
"5","パワーショベル","10-HW-2","4D94","#1151~","103-3","836N","516KH","1222",""
"5","パワーショベル","12-HT·Q·D-1","S4D105","#1003~","103-3","810U","540","197H",""
"5","パワーショベル","12-HT·L·D-2","S4D105","","103-3","815NN","101K","197H",""
"5","パワーショベル","15-HT-2","DA640","#~4999","314-1","823N","540","1222",""
"5","パワーショベル","15-HT-3","S4D105","#5001~","103-3","823N","540","","HYD欄に淡色の純正番号表記あり：22-300728-01? と読める（判読不確実・原本確認）"
"5","パワーショベル","20-HT-1,2","S4D130","#1004~","191N","450N","529N","150-450",""
"5","パワーショベル","20-HT","","","165K","450N","165FN","150-450",""
"5","パワーショベル","PC01-1","2T80L","#1013~","108","440","532-65","33130",""
"5","パワーショベル","PC01-1A","GX160K1","#10001~","","","","","AIR欄は淡色の純正番号 HD17210ZE1822、HYD欄は淡色の純正番号 21A-62-12140 と読める（原本確認）"
"6","パワーショベル","PC01E-1","","","","","","",""
"6","パワーショベル","PC02-1","2D92","#1003~#4362","101H","839N","500E","1221N",""
"6","パワーショベル","PC02-1","2D92","#4363~","103-3","839N","500E","121CG",""
"6","パワーショベル","PC02-1A","1D75-1A","#10001~","114250-35110","121SA(-O)","","203H","OIL欄は純正番号表示（淡色・検証中）。FUEL欄に淡色の純正番号表記あり：114350-55120 と読める（判読不確実・原本確認）"
"6","パワーショベル","PC03-1","1D84-1A","#1001~","","","532-65","203H","OIL欄・AIR欄に淡色の純正番号表記あり：OIL 114250-35060／AIR 114650-12590 と読める（判読不確実・原本確認）"
"6","パワーショベル","PC03-2","GX360K1","#15001~","203","HD17211ZA0702","HD16910GB2005","203H","AIR欄・FUEL欄は純正番号表示（淡色・検証中）"
"6","パワーショベル","PC03-2F","2D68E","#19089~","203S","838N","532-85","203H",""
"6","パワーショベル","PC04-1","2D94-1","#1003~","101H","836N","500E","1221N",""
"6","パワーショベル","PC04-1","2D94-1","#2146~","101H","836N","500E","1222",""
"6","パワーショベル","PC04-1","2D94-2","#1003~","103-3","836N","500E","1221N",""
"6","パワーショベル","PC04-1","2D94-2","#2146~","103-3","836N","500E","1222",""
"6","パワーショベル","PC05","3D68E","","203S","838N","532-85","",""
"6","パワーショベル","PC05-1","3D72","#1001~","108","838N","532-85","103K",""
"6","パワーショベル","PC05E-1","","","","","","",""
"6","パワーショベル","PC05-5","3D72","#2501~","203","838N","532-85","103K",""
"6","パワーショベル","PC05-6","3D72","#5001~","203","838NT","532-85","103K",""
"6","パワーショベル","PC05R","3D72","#8001~10616","203","838N","532-85","207HS",""
"6","パワーショベル","PC05-7E,R","3D68E","#10617~","203S","838N","532-85","207HS","原本では型式「PC05-7E,」・エンジン「R3D68E」と印字（Rが型式側の可能性）"
"6","パワーショベル","PC05-7","3DA72N","","203","838N","532-85","207HS",""
"6","パワーショベル","PC07","3D68E","","203S","838N","532-85","207HS",""
"6","パワーショベル","PC07-1","3D72","#1001~","203","838NT","532-85","103K",""
"6","パワーショベル","PC07R","3D72","#3001~5460","203","838N","532-85","207HS",""
"6","パワーショベル","PC07-2E,R","3D68E","#5461~","203S","838N","532-85","207HS",""
"6","パワーショベル","PC07-2","3D72N","","203","838N","532-85","",""
"6","パワーショベル","PC07FR-1","3D68E","#10001~","203S","838NT","532-85","90-180",""
"6","パワーショベル","PC08UU(1)","GX360","#1001~","203","HD17211ZA0702","HD16910GB2005","203H","AIR欄・FUEL欄は純正番号表示（淡色・検証中）"
"6","パワーショベル","PC08UU-1F","2D68E","","203S","838N","532-85","",""
"6","パワーショベル","PC09FR-1","2D68E","","203S","838NT","532-85","YM172165-75481","HYD欄は純正番号表示（淡色・検証中）"
"6","パワーショベル","PC09GALEO","2D68E","","203S","838P","532-85","20A-60-21220","HYD欄は純正番号表示（淡色・検証中）"
"6","パワーショベル","PC10","3D74E","","203S","838N","532-85","",""
"6","パワーショベル","PC10-1","2D94","#3501~","103-3","839N","500E","33130",""
"6","パワーショベル","PC10FR-1","3D68E","#10001~","203S","838N","532-85","90-180",""
"6","パワーショベル","PC10-2(3)","3D75","#4501~,#5501~","108","837N-190","532-85","33130",""
"6","パワーショベル","PC10-5","3D75","#7001~","106S","837N-190","532-85","1222",""
"6","パワーショベル","PC10-6","3D75","#20001~","106S","837N-190","532-85","90-180",""
"6","パワーショベル","PC10-7,R","3D78N-","#25001~27776","106S","837N-190","532-85","207HS",""
"6","パワーショベル","PC10-7E,R","3D74E","#27777~","203S","838N","532-85","207HS",""
"6","パワーショベル","PC10N-7","3D74E","","203S","838N","532-85","207HS",""
"6","パワーショベル","PC10MR(X)-1","2D68EK","","203S","838P","532-85","",""
"6","パワーショベル","PC10MR-2","2D70E","","203S","838P","532-85","",""
"7","パワーショベル","PC10UU(X)-3","2D68E","","203S","838P","532-85","",""
"7","パワーショベル","PC10UU-5","2D70E","#15001~","203S","838P","532-85","20A-60-21220","HYD欄は純正番号表示（淡色・検証中）"
"7","パワーショベル","PC12-1","3D72","#1001~","203","838N","532-85","207HS",""
"7","パワーショベル","PC12UU-2","3D72","#3001~4600","203S","838N","532-85","207HS",""
"7","パワーショベル","PC12UU-2E","3D68E","#4601~","203S","838N","532-85","207HS",""
"7","パワーショベル","PC12R-3","3D68E","","203S","838P","532-85","207HS",""
"7","パワーショベル","PC12R-8","3D68E","#10001~","203S","838P","532-85+563F","207HS",""
"7","パワーショベル","PC15","3D82AE","","106S","837N","532-85","207HS",""
"7","パワーショベル","PC15-1","3D78","#1001~","106S","837N","50-90","1222",""
"7","パワーショベル","PC15-2","3D78","#2001~","106S","837N","50-90","90-180",""
"7","パワーショベル","PC15-3,R","3D84N","#5001~6221","106S","837N","50-90","207HS",""
"7","パワーショベル","PC15-3E,R","3D82AE","#6222~","203","837N","532-85","207HS",""
"7","パワーショベル","PC15R-8","3D68E","#10001~","203S","838P","532-85+563F","207HS",""
"7","パワーショベル","PC15FR-1","3D68E","#11001~","203S","838N","532-85","90-180",""
"7","パワーショベル","PC15MR(X)-1","3D68E","#10001~","203S","838P","532-85+563F","","HYD欄に淡色の純正番号表記あり：22J-60-11410 と読める（判読不確実・原本確認）"
"7","パワーショベル","PC18MR-2","3D67","#15001~","203","838P","532-85+532S","83-132",""
"7","パワーショベル","PC18MR-3","3D67","","203","838P","532-85+532S","83-132",""
"7","パワーショベル","PC18MR-5","","","203","838P","50-80","","HYD欄に淡色の純正番号表記あり：22J-60-55230 と読める（判読不確実・原本確認）"
"7","パワーショベル","PC20-1","2D94-2","#10001~","103-3","839N","500E","121CG",""
"7","パワーショベル","PC20-2","3D84","#12001~","108","837N","532-85","1222",""
"7","パワーショベル","PC20-3","3D84","#14001~","108","837N","532-85","1222",""
"7","パワーショベル","PC20-5","3D84","#18001~","108","837N","532-85","1222",""
"7","パワーショベル","PC20-6","3D84","#24001~","108","837N","532-85","1222",""
"7","パワーショベル","PC20-7,R","3D84N","#35001~42354","106S","837N","50-90","207HS",""
"7","パワーショベル","PC20-7E","3D82AE","#42355~","203","837N","532-85","207HS",""
"7","パワーショベル","PC20R-8","3D74E","#10001~","203S","838P","532-85+563F","207HS",""
"7","パワーショベル","PC20MR-8","3D74E","#10001~","203S","838P","532-85","207HS",""
"7","パワーショベル","PC20FR-1","3D68E","","203S","838N","532-85","90-180",""
"7","パワーショベル","PC20FR-2","3D68E","#20001~","203S","838N","532-85","90-180",""
"7","パワーショベル","PC20MR-1","3D74E","#10001~","203S","838P","532-85+563F","32210H",""
"7","パワーショベル","PC20MR-2","3D76E","#15001~","203S","838P","532-85","83-132",""
"7","パワーショベル","PC20MR-3","3D76E","","203S","838P","532-85+532S","83-132",""
"7","パワーショベル","PC20UU(X)-3(-5","3D74E","#10001~","203S","838P","532-85+563F","32210H",""
"7","パワーショベル","PC25","3D84E","","106S","837N","50-90","","SERIAL欄に淡色で「スタンダ…」の表記あり（判読困難）"
"7","パワーショベル","PC25-1,R","3D84","#1001~6470","106S","837N","50-90","1222",""
"7","パワーショベル","PC25-1E,R","3D84E","#6471~","203","837N","50-90","1222",""
"7","パワーショベル","PC25R-8","3D82AE","#10001~","203","837P","532-85+563F","207HS",""
"7","パワーショベル","PC27R-8","3D82AE","#10001~","203","837P","532-85+563F","207HS",""
"7","パワーショベル","PC27MR-1","3D82AE","#10001~","203C","837P","532-85+563F","32210H",""
"7","パワーショベル","PC27MR-2","3D82AE","","203","837P","107SF","83-132",""
"8","パワーショベル","PC27MR-3","3D82AE","#20002~","203","837P","107SF","83-132",""
"8","パワーショベル","PC28-1","3D78","#1001~","106S","837N","50-90","207HS",""
"8","パワーショベル","PC28UU-2","3D84","#7001~10800","203","837N","50-90","207HS",""
"8","パワーショベル","PC28UU(X)-2E","3D82","#10801~","203","837N","532-85+563F","207HS",""
"8","パワーショベル","PC28UU-3","3D82","#30001~","203","837P","532-85+563F","32210H",""
"8","パワーショベル","PC30-1","3D84","#1001~","108","837N","532-85","1222",""
"8","パワーショベル","PC30-3","3D84","#2601~","108","837N","532-85","1222",""
"8","パワーショベル","PC30-5","3D84","#6001~","108","837N","532-85","1222",""
"8","パワーショベル","PC30E-5","","","","","","",""
"8","パワーショベル","PC30E-6","","","","","","",""
"8","パワーショベル","PC30-6","3D84","#10001~","108","837N","532-85","1222",""
"8","パワーショベル","PC30-6E-1","","","","","","",""
"8","パワーショベル","PC30-7,R","3D84","#18001~26422","203","837N","50-90","1222",""
"8","パワーショベル","PC30-7E,R","3D84","#26423~","203","837N","50-90","1222",""
"8","パワーショベル","PC30FR-1","3D82","#10001~","203","837N","532-85","90-230",""
"8","パワーショベル","PC30FR-2","3D82","#20001~","203","837N","532-85","90-230",""
"8","パワーショベル","PC30R","3D82","#42355~","203","837N","532-85","207HS",""
"8","パワーショベル","PC30R-8","3D84","#10001~","203","837P","50-90+563F","1222",""
"8","パワーショベル","PC30MR-1,UU-3","3D84","#10001~","203","837P","50-90+563F","32210H",""
"8","パワーショベル","PC30MR-2","3D84","#20001~","203","837P","107SF","83-132",""
"8","パワーショベル","PC30MR-3","3D88","#30001~","203","837P","107SF","83-132",""
"8","パワーショベル","PC30MR-5","","","203","837P(W)","107SF","83-138",""
"8","パワーショベル","PC30UU-5","3D88","#15001~","203","837P","107SF","32210H",""
"8","パワーショベル","PC30UU-6","3D88","#20001~","203","837P(W)","107SF","83-132N",""
"8","パワーショベル","PC35R-8","3D84","#35001~","203","837P","50-90+563F","1222",""
"8","パワーショベル","PC35MR-1","3D84","#1001~","203","837P","50-90+563F","1222",""
"8","パワーショベル","PC35MR-2","3D88","#5001~","203","837P","107SF","83-132",""
"8","パワーショベル","PC35MR-3","3D88","#15001~","203","837P","107SF","83-132",""
"8","パワーショベル","PC35MR-5","","","203","837P(W)","107SF","83-132N",""
"8","パワーショベル","PC38-1","3D84","#1001~","108","837N","532-85","1222",""
"8","パワーショベル","PC38UU2R","3D84","#3001~4482","203","837N","50-90","1222",""
"8","パワーショベル","PC38UU2ER","3D84","#4483~","203","837N","50-90","1222",""
"8","パワーショベル","PC38UU(X)-3","3D84","#7001~","203","837P","50-90+563F","1222",""
"8","パワーショベル","PC38UU-5","3D88","#15001~","203","837P","107SF","1222",""
"8","パワーショベル","PC38UU-6","3D88","#","203","837P","107SF","83-132N",""
"8","パワーショベル","PC40-1,2,3","3D94","#3501~,#4501~","103-3","836N","516KH","1222",""
"8","パワーショベル","PC40FR(1)","4D84","#10001~","203C","837N","50-90","110-220",""
"8","パワーショベル","PC40PR,FR-2","4D84","#20001~","203C","837N","50-90","110-220",""
"8","パワーショベル","PC40-5","3D95S","#8501~","101SK","837N","500E","1222",""
"8","パワーショベル","PC40-6","3D95S","#10001~","101SK","837N","516KH","1222",""
"9","パワーショベル","PC40-7,R","4D84","E#00101~06127","106S","837N","50-90","1222",""
"9","パワーショベル","PC40-7,R","4D84","E#06128~","203","837N","50-90","1222",""
"9","パワーショベル","PC40-7E,R","4D84","#24522~","203C","837N","50-90","1222",""
"9","パワーショベル","PC40R-8","4D84","#30001~","106S/203","837P/837N","50-90+563F","1222",""
"9","パワーショベル","PC40MR-1","4D84","#1001~","203","837P","50-90","1222",""
"9","パワーショベル","PC40MR-2","4D88","","203","837P","107SF","110-100",""
"9","パワーショベル","PC40MR-3","4D88","#15001~","203","836P","107SF","110-100",""
"9","パワーショベル","PC45-1,R","4D84","#1001~3505","106S","837N","50-90","1222",""
"9","パワーショベル","PC45-1ER","4D84","#3506~","203","837N","50-90","1222",""
"9","パワーショベル","PC45R-8","4D84","#5001~","106S/203","837P","50-90+563F","1222",""
"9","パワーショベル","PC45MR-1","4D84","#1001~","203","837P","50-90","1222",""
"9","パワーショベル","PC45MR-5","4D88","","203","836PW","3530KF+3530PF","110-100N",""
"9","パワーショベル","PC50(UU)-1","3D95S","#1001~","101SK","836N","500E","1222",""
"9","パワーショベル","PC50(UU)-1","3D95S","E#14049~","101SK","836N","516KH","1222",""
"9","パワーショベル","PC50FR(PR)-1,2","4D88","#10001~","203","837N","50-90","110-220",""
"9","パワーショベル","PC50UU-2A,2HN","4D84","#8001~12771","203","837N","50-90","1222",""
"9","パワーショベル","PC50UU-2E,2HW","4D88","#12772~","203","837N","50-90+563F","1222",""
"9","パワーショベル","PC50UU,UD(G)-2","4D88","#14993~","203","837N","50-90","1222",""
"9","パワーショベル","PC50UUM-2","4D88","#1001~","203","837N","50-90+563F","1222",""
"9","パワーショベル","PC50MR-2","4D88","","203","837P","107SF","110-100",""
"9","パワーショベル","PC55MR-3","4D88","","203","836P","107SF","110-100",""
"9","パワーショベル","PC55MR-5(NO)","4D88","","203","836P","3530KF+3530PF","110-100N",""
"9","パワーショベル","PC58SF-1","4D88","","203","837N","50-90+563F","1222N",""
"9","パワーショベル","PC58UU(X)-3","4D88","#20000~","203","837P","50-90+563F","1222",""
"9","パワーショベル","PC58UU(X)-3","4D88","#20000~","203","837P","107SF","1222","同一シリアル表記で2段（原本通り）"
"9","パワーショベル","PC58UUT-3EO","4D88","","203","837P","107SF","1222",""
"9","パワーショベル","PC58UU-5","4D88","#25001~","203","837P","107SF","1222",""
"9","パワーショベル","PC58UU(T)-6","","","203","836PK","3530KF+3530PF","110-100N",""
"9","パワーショベル","PC60(L,U)-1","4D94","","103-3N","836N","516KH","1222",""
"9","パワーショベル","PC60(L,U)-1,2","4D94","","103-3N","836N","516KH","1222",""
"9","パワーショベル","PC60(L,U)-3","4D95L","","103-3N","836N","516KH","1222",""
"9","パワーショベル","PC60(L,U)-5","4D95L","","103-3N","836N","516KH","1222",""
"9","パワーショベル","PC60(L)","4D95L","#8001~","103-3N","836T","516KH","1222",""
"9","パワーショベル","PC60-7(B,S)","4D95L","スタンダードタイプ","103-3","836T","516KH","1222",""
"9","パワーショベル","PC60-7(B,S)","4D95L","エストラブレード付","103-3","823NT","516KH","1222",""
"9","パワーショベル","PC60-7E","4D102","スタンダードタイプ","103-6","836T","201-3","1222",""
"9","パワーショベル","PC60-7E","4D102","エストラブレード付","103-6","823NT","201-3","1222",""
"9","パワーショベル","PC60-7","4D95","#58001~","205SK","836NW(A)","516KH","1222N",""
"9","パワーショベル","PC70","4D95","#34101~","103-3N","836T","516KH","1222",""
"9","パワーショベル","PC70FR-1","4D98","#10001~","203C","836NR","107SF","","HYD欄に淡色の純正番号表記あり：YM172187-73730 と読める（判読不確実・原本確認）"
"10","パワーショベル","PC70-7(B,S)","4D95","スタンダードタイプ","103-3","836T","516KH","1222",""
"10","パワーショベル","PC70-7(B,S)","4D95","エストラブレード付","103-3","823NT","516KH","1222",""
"10","パワーショベル","PC70-7E","4D102","スタンダードタイプ","103-6","836T","201-3","1222",""
"10","パワーショベル","PC70-7E","4D102","エストラブレード付","103-6","823NT","201-3","1222",""
"10","パワーショベル","PC70-7","4D95","#58001~","205SK","836NW(A)","516KH","1222N",""
"10","パワーショベル","PC75(UU)-1","4D95","#1001~","103-3N","836T","516KH","1222",""
"10","パワーショベル","PC75UU-2","4D95","#5001~","103-3","836T","516KH+500E","1222",""
"10","パワーショベル","PC75UU2B","4D95","#11279~","103-3","836T","516KH+500E","1222",""
"10","パワーショベル","PC75UU(D)T-3","4D102","#15001~","103-6","836T","201-3+500E","1222N",""
"10","パワーショベル","PC75UU-3","4D95","#19001~","205SK","836T","516KH+500E","1222N",""
"10","パワーショベル","PC75UU-3","4D95","#19200~","205SK","836T","516KH+500E+563F","1222N",""
"10","パワーショベル","PC75US","4D102","#16307~","103-6","836T","201-3+500E","1222N",""
"10","パワーショベル","PC78US-5","4D95","#1001~","205SK","836T","516KH+500E","1222N",""
"10","パワーショベル","PC78US(U)-6","4D95","","205SK","836P(W)","516KH+532S","110-100",""
"10","パワーショベル","PC78US(U)-8","4D95","","205SK","839P(W)","3530KF+4110KF","110-100,エアコン=170-230AC",""
"10","パワーショベル","PC78US(U)-8","4D95","E#504574~","205SK","839P(W)","3870KF+4110KF","110-100,エアコン=170-230AC",""
"10","パワーショベル","PC78US-10","4D95","","205SK","839P(W)","3870KF+4110KF","110-100N,CV=101KBF",""
"10","パワーショベル","PC78UU(T)-10","E#703764~","","","","","","原本ではENGINE欄に「E#703764~」と印字"
"10","パワーショベル","PC78US-11","SAA3D95E-1","#50001~","205SK","839P(W)","3870KF+4110KF","110-100N(G135)",""
"10","パワーショベル","PC78UU-11","","","","","","",""
"10","パワーショベル","PC80-1","4D105","#1001~","165K","823NH","516KH","197H",""
"10","パワーショベル","PC80·80LC-3","4D95","#2001~","103-3N","836N","516KH","1222",""
"10","パワーショベル","PC90","4D95","#1001~","103-3N","836T","516KH","1222",""
"10","パワーショベル","PC100(U,L)1,2","4D105","#10001~","165K","815NN","516KH","195N",""
"10","パワーショベル","PC100-3","6D95","#18001~","103-3N","823NH","516KH","195N,C=527K",""
"10","パワーショベル","PC100L(U)-3","6D95","#12001~","103-3N","823NH","516KH","195N,C=527K",""
"10","パワーショベル","PC100-5","4D95","#28001~","103-3","823NT","101K","195N",""
"10","パワーショベル","PC100L-5","4D95","#14001~","103-3","823NT","101K","195N",""
"10","パワーショベル","PC100N-6","4D95","#1001~","103-3","823NT","101K","195N",""
"10","パワーショベル","PC100-6","4D95","#40001~42553","103-3","823NT","101K","195N",""
"10","パワーショベル","PC100L-6(S)","4D95","#15001~","103-3","823NT","101K","195N",""
"10","パワーショベル","PC100-6","4D102","#42265~","103-6","810TW","201-3","195N",""
"10","パワーショベル","PC120-1.2","4D105","#10001~","165K","815NN","516KH","195N",""
"10","パワーショベル","PC120-3","6D95L","#18001~","103-3N","823NH","516KH","195N,C=527K",""
"10","パワーショベル","PC120-5(Z)","4D95","#30001~","103-3","823NT","101K","195N",""
"10","パワーショベル","PC120-6","4D95","#45001~53010","103-3","823NT","101K","195N",""
"10","パワーショベル","PC120-6","4D102","#52556~","103-6","810TW","201-3","195N",""
"10","パワーショベル","PC120SC-6","4D102","#10001~","103-6","810TW","201-3","195N",""
"10","パワーショベル","PC120-6EO","4D102","#70001~","103-6","823NHPW","201-3","","HYD欄に淡色の純正番号表記あり：203-60-61330 と読める（判読不確実・原本確認）"
"11","パワーショベル","PC120-8","SAA4D95","","205SK","823PW","3530KF+4110KF","110-200",""
"11","パワーショベル","PC120-8","SAA4D95","E#518993~","205SK","823PW","3870KF+4110KF","110-200",""
"11","パワーショベル","PC120-11","SAA4D95","","205SK","823NHPW","3880KF+4110KF","","HYD欄に極小文字の表記あり（判読不可・原本確認）"
"11","パワーショベル","PC128(UU)-1","S4D95","#1001~","103-3","823NT(W)","101K","195N",""
"11","パワーショベル","PC128UU-1","S4D102","#2347~","103-6","823NTW","201-3","195N",""
"11","パワーショベル","PC128UU-2","S4D102","#5001~","103-6","823PW","201-3","195N",""
"11","パワーショベル","PC128UU-2","SAA4D102","#6001~","103-6","823NHPW","201-3","195N",""
"11","パワーショベル","PC128UU-8","SAA4D95","#23030~","205SK","823PW","3530KF+4110KF","110-200",""
"11","パワーショベル","PC128UU-8","SAA4D95","#26284~","205SK","823PW","3870KF+4110KF","110-200",""
"11","パワーショベル","PC128UU-10,11","","","","","","CV=101KBF",""
"11","パワーショベル","PC128US-1","S4D102","#1001~","103-6","823NTW","201-3","195N",""
"11","パワーショベル","PC128US-2","S4D102","#5001~8100","103-6","823PW","201-3","195N",""
"11","パワーショベル","PC128US-2","SAA4D102","#8101~9500","103-6","823NHPW","201-3","195N",""
"11","パワーショベル","PC128US-2EI(A)","SAA4D95","#9501~","205SK","823PW","516KH","110-200",""
"11","パワーショベル","PC128US-8","SAA4D95","","205SK","823PW","3530KF+4110KF","110-200,CV=101KBF",""
"11","パワーショベル","PC128US-8","SAA4D95","E#518276~","205SK","823PW","3870KF+4110KF","110-200,CV=101KBF",""
"11","パワーショベル","PC128US-10","SAA4D95","","205SK","","3870KF+4110KF","110-200","AIR欄に淡色の純正番号表記あり（判読困難のため未収録。原本確認）"
"11","パワーショベル","PC128US-11","SAA4D95","","205SK","823NHPW","3870KF+4110KF","110-200N",""
"11","パワーショベル","PC130-6","S4D95L","#45001~50355","103-3","823NT","101K","195N",""
"11","パワーショベル","PC130-6","S4D102E","#50356~","103-6","810TW","201-3","195N",""
"11","パワーショベル","PC130-6EO","SAA4D102","#60001~","103-6","823NHPW","201-3","195NL",""
"11","パワーショベル","PC130-8","SAA4D95","","205SK","823PW","3530KF+4110KF","110-200",""
"11","パワーショベル","PC130-8","SAA4D95","E#516993~","205SK","823PW","3870KF+4110KF","110-200",""
"11","パワーショベル","PC130-11","SAA4D95","","205SK","823NHPW","3880KF※+4110KF","110-200N+529UNF",""
"11","パワーショベル","PC138US-2","S4D102","#1001~3200","103-6","823PW","201-3","195N",""
"11","パワーショベル","PC138US-2","SAA4D102","#3201~4500","103-6","823NHPW","201-3","195N",""
"11","パワーショベル","PC138US-2TI","SAA4D95","#4501~","205SK","823PW","516KH","","HYD欄に淡色の純正番号表記あり（判読困難のため未収録。原本確認）"
"11","パワーショベル","PC138US-8","SAA4D95","","205SK","823PW","3530KF+4110KF","110-200",""
"11","パワーショベル","PC138US-8","SAA4D95","E#518276~","205SK","823PW","3870KF+4110KF","110-200",""
"11","パワーショベル","PC138US-10","SAA4D95","","205SK","","3870KF+4110KF","110-200,CV=101KBF","AIR欄に淡色の純正番号表記あり（判読困難のため未収録。原本確認）"
"11","パワーショベル","PC138USE-11","","","","","","",""
"11","パワーショベル","PC138US(U)-11","SAA4D95","","205SK","823NHPW,エアコン=170-230AC","3870KF+4110KF","110-200N,CV=101KBF",""
"11","パワーショベル","PC150·150LC-1","6D105","#1001~","165K","815NN","101K","150-450,C=527K",""
"11","パワーショベル","PC150·150LC-3","S6D95","#3001~","103-3N","823NH","101K","195N,C=527K",""
"11","パワーショベル","PC150(-5)","S6D95","#6001~","103-3","810T","101K","195N",""
"11","パワーショベル","PC160LC-7","SAA4D102","","103-6","823NHPW","201-3","150-200",""
"11","パワーショベル","PC198","SAA6D107","#70001~","207N-6","494KPW","","150-200",""
"11","パワーショベル","PC200-1,2","6D105","#12218~","165K","450N","101K","150-450,C=527K",""
"11","パワーショベル","PC200-1,2","6D105","#50001~","165K","815NN","101K","150-450,C=527K",""
"12","パワーショベル","PC200·200LC-3","S6D105","#61481~","165K","460NN","101K","150-300,C=527K",""
"12","パワーショベル","PC200·200LC-3","S6D105","#78805~","165K","494KW","101K","150-300,C=527K",""
"12","パワーショベル","PC200(LC)-5","S6D95","#45001~","103-3","810T(W)","101K","150-450",""
"12","パワーショベル","PC210(LC)-5","S6D95","#20101~","103-3","810T(W)","101K","150-450",""
"12","パワーショベル","PC200(LC)-6","S(AA)6D95","","103-3","494K","101K","150-450",""
"12","パワーショベル","PC200(LC,SC)-6Z,E,TNE","S6D102","","207N-6","494KW","201-3","150-450",""
"12","パワーショベル","PC200-7","SAA6D102","#200001~","207N-6","809PWA","201-3","150-200",""
"12","パワーショベル","PC200(LC)-8","SAA6D107","","207N-6","494KPW","6140KF+3610KF","150-200",""
"12","パワーショベル","PC200(LC)-8","SAA6D107","E#26541148~","207N-6","494KPW","3750KF+3610KF","150-200",""
"12","パワーショベル","PC200(210)-8EO,NI","SAA4D107","","207N-6","494KPW","6140KF+3610KF","150-200",""
"12","パワーショベル","PC200(210)-8EO,NI","SAA4D107","","207N-6","494KPW","3750KF+3610KF","150-200",""
"12","パワーショベル","PC200(LC,i)-10,11","SAA6D107","","207N-6","809PW","3750KF+3610KF","150-200,エアコン170-230AC",""
"12","パワーショベル","PC200(LC)E-11","","","","","","",""
"12","パワーショベル","PC200i-12","","","","","","",""
"12","パワーショベル","PC202","SAA4D95","","205SK","823PW","3530KF+4110KF","110-200",""
"12","パワーショベル","PC202","SAA4D95","E#518283~","205SK","823PW","3870KF+4110KF","110-200",""
"12","パワーショベル","PC210(LC)-8","SAA6D107","","207N-6","494KPW","6140KF+3610KF","150-200",""
"12","パワーショベル","PC210(LC)-8","SAA6D107","E#26541148~","207N-6","494KPW","3750KF+3610KF","150-200",""
"12","パワーショベル","HB205,215(LC)-1","SAA4D107","#1001~","207N-6","494KPW","3750KF+3610KF","150-200","エアコンフィルター：内気200-220AC、外気170-230AC"
"12","パワーショベル","HB205,215(LC)-2","","","207N-6","","3750KF+3610KF","150-200","エアコンフィルター：内気200-220AC、外気170-230AC"
"12","パワーショベル","HB205-3","","","207N-6","809PW","3750KF+3610KF","150-200",""
"12","パワーショベル","PC210(LC)-6","S6D95","#30001~30689","103-3","494K","101K","150-450",""
"12","パワーショベル","PC210(LC)-6E,TNE","S6D102","#30916~","207N-6","494KW","201-3","150-450",""
"12","パワーショベル","PC210-7","SAA6D102","#40001~","207N-6","809PWA","201-3","150-200",""
"12","パワーショベル","PC210","SAA6D107","","207N-6","494KPW","6140KF+3610KF/3750KF+3610KF","150-200",""
"12","パワーショベル","PC210(LC)-10","SAA6D107","","207N-6","494KPW","3750KF+3610KF","150-200",""
"12","パワーショベル","PC210(LC)-11","SAA6D107","","207N-6","809P(W)","3750KF+3610KF","150-200N",""
"12","パワーショベル","PC220-1","S6D105","#10001~","165K","495B","101K","150-450,C=527K",""
"12","パワーショベル","PC220·220LC-2","S6D105","#11001~","165K","495B","101K","150-450,C=527K",""
"12","パワーショベル","PC220·220LC-3","S6D105","E#62361~78505","165K","460NN","101K","150-300",""
"12","パワーショベル","PC220·220LC-3","S6D105","E#78506~","165K","494KW","101K","150-300",""
"12","パワーショベル","PC220(LC)-5","SA6D95","#35001~","103-3","810T(W)","101K","150-450",""
"12","パワーショベル","PC220(LC)-6","SA6D95","#50001~52740","103-3","494K(W)","101K","150-450",""
"12","パワーショベル","PC220-7,8","SA6D95","#10001~10124","103-3","494K(W)","101K","150-450",""
"12","パワーショベル","PC220(LC)-9","SA6D95","#52278~","103-3","494K(W)","101K","150-450",""
"12","パワーショベル","PC220(LC)-10","SAA6D107","","207N-6","494KPW","3750KF+3610KF","150-200",""
"12","パワーショベル","PC220(LC)-6E","SA6D102","#52741~","207N-6","494KW","201-3","150-450",""
"13","パワーショベル","PC220-7","SAA6D102","#60001~","207N-6","494KPW","201-3","150-200",""
"13","パワーショベル","PC220-8E","SAA6D107","","207N-6","494KPW","6140KF+3610KF","150-200",""
"13","パワーショベル","PC220-8E","SAA6D107","","207N-6","494KPW","3750KF+3610KF","150-200",""
"13","パワーショベル","PC228UU-1","S6D102","#10001~","207N-6","494KW","201-3","150-450",""
"13","パワーショベル","PC228US-1","S6D102","#11001~","207N-6","494KW","201-3","150-450",""
"13","パワーショベル","PC228US-2","S6D102","#15001~","207N-6","494KW","201-3","150-450",""
"13","パワーショベル","PC228US(LC)-3","SAA6D102","#20001~","207N-6","809PW","201-3","150-200",""
"13","パワーショベル","PC228US-3TN","SAA6D102","","","","","",""
"13","パワーショベル","PC228US-3N(YA)","SAA6D102","#30001~","207N-6","809PW","201-3","150-200",""
"13","パワーショベル","PC228US-3EO(ZK)","SAA6D107","","207N-6","494KPW","6140KF+3610KF","150-200",""
"13","パワーショベル","PC228US-3EO(ZK)","SAA6D107","","207N-6","494KPW","3750KF+3610KF","150-200",""
"13","パワーショベル","PC228US-8","SAA6D107","","207N-6","494KPW","6140KF+3610KF","",""
"13","パワーショベル","PC228US-8","SAA6D107","","207N-6","494KPW","3750KF+3610KF","",""
"13","パワーショベル","PC228US-10","SAA6D107","","207N-6","809PW","3750KF+3610KF","150-200","エアコンフィルター：外気170-230AC（内気は淡色の純正番号表記のため判読困難・原本確認）"
"13","パワーショベル","PC228US(LC)-11","","","207N-6","809PW","","",""
"13","パワーショベル","PC230(LC)-6","SA(A)6D95","","103-3","494K","101K","150-450",""
"13","パワーショベル","PC230LC-6E","SA6D102","#10169~","207N-6","494KW","201-3","150-450",""
"13","パワーショベル","PC230-7","SAA6D102","#11001~","207N-6","494KPW","201-3","150-200",""
"13","パワーショベル","PC230-8M1","SAA6D107","","207N-6","494KPW","6140KF+3610KF","150-200",""
"13","パワーショベル","PC230-8M1","SAA6D107","E#26541141~","207N-6","494KPW","3750KF+3610KF","150-200",""
"13","パワーショベル","PC230-8M2","SAA6D107","","207N-6","494KPW","6140KF+3610KF","150-200",""
"13","パワーショベル","PC230-8M2","SAA6D107","E#26541141~","207N-6","494KPW","3750KF+3610KF","150-200",""
"13","パワーショベル","PC230LC-10","SAA6D107","#90172~","207N-6","494KPW","3750KF+3610KF","150-200AB",""
"13","パワーショベル","PC270-7","SAA6D102","E#14049~","207N-6","494KPW","201-3","150-200",""
"13","パワーショベル","PC300·300LC-1","N-855","#10001~","150K+5300P","495B","165FN","150-450,C=527K",""
"13","パワーショベル","PC300·300LC-2","N-855","#11001~","150K+5300P","495B","165FN","150-450,C=527K",""
"13","パワーショベル","PC300·300LC-3","S6D125","#12001~","150K","495B","165FN","150-450,C=527K",""
"13","パワーショベル","PC300(LC)","SA6D108","#20001~","165K","815NTW","165FN","150-450,C=527K",""
"13","パワーショベル","PC300(LC,SC)-6","SAA6D108","#30001~","165K","815NTW","165FN","150-450",""
"13","パワーショベル","PC300-7","SAA6D114","#40001~","9009LF","977KPW","165FNS","150-200",""
"13","パワーショベル","PC300-7EO","SAA6D114","#50001~","9009LF","496PW","6140KF+3610KF","150-200",""
"13","パワーショベル","PC350-7EO","SAA6D114","#30001~","9009LF","496PW","3750KF+3610KF","150-200",""
"13","パワーショベル","PC300·350-8EO","SAA6D114","#60001~","9009LF","496PW","6140KF+3610KF","150-200(G195)",""
"13","パワーショベル","PC300·350-8EO","SAA6D114","E#26859273~","9009LF","496PW","3750KF+3610KF","150-200(G195)",""
"13","パワーショベル","PC300(LC)-10","SAA6D114","#70001~","9009LF","977KPW","3750KF+3610KF","150-200",""
"13","パワーショベル","PC300(LC)-11","SAA6D114","#90001~","9009LF","977KPW","3750KF+3610KF","150-200N",""
"13","パワーショベル","PC310(LC)","SA6D108","#10001~","165K","815NTW","165FN","150-450,C=527K",""
"13","パワーショベル","PC350(LC)-6","SAA6D108","#10001~","165K","815NTW","165FN","150-450","原本では型式の後ろに「〃」印あり"
"13","パワーショベル","PC350(LC)-7","SAA6D114","#20001~","9009LF","977KPW","165FNS","150-200",""
"14","パワーショベル","PC350(LC)-10","SAA6D114","","9009LF","977KPW","3750KF+3610KF","150-200",""
"14","パワーショベル","PC350(LC)-11","SAA6D114","","9009LF","977KPW","3750KF+3610KF","150-200N",""
"14","パワーショベル","PC400·400LC-1","NT-855","#10001~11000","150K+5300N","495B","165FN","150-450,C=527K",""
"14","パワーショベル","PC400·400LC-3","S6D125","#11001~","150K","491NN","165FN","150-450,C=527K",""
"14","パワーショベル","PC400(LC)","S6D125","#20001~","150K","495BNTW","165FN","150-300×2,C=527K",""
"14","パワーショベル","PC400(LC)-6","SA6D125","#30001~","150K","495B","165FN","178-450K","原本では型式の後ろに「〃」印あり"
"14","パワーショベル","PC400ST-6","SA6D125","#10001~","150K","495B","165FN","178-450K",""
"14","パワーショベル","PC400(LC)-7EO","SAA6D125","","150KN","496PW","3510KF/3550KF","180-200",""
"14","パワーショベル","PC400·450-7EO","SAA6D125","#60001~","150KN","496PW","3510KF/3550KF","180-200",""
"14","パワーショベル","PC400·450-8EO","SAA6D125","#70001~70330","150KN","496PW","3550KF+4540PF","180-200",""
"14","パワーショベル","PC400·450-8EO","SAA6D125","#70331~","150KN","496PW","3841KF+4540PF","180-200",""
"14","パワーショベル","PC410(LC)","S6D125","#10001~","150K","495BNTW","165FN","150-300×2,C=527K",""
"14","パワーショベル","PC450(LC)-6","SA6D125","#10001~","150K","495B","165FN","208-60-61150","原本では型式の後ろに「〃」印あり"
"14","パワーショベル","PC450(LC)-7EO","SAA6D125","低騒音","150KN","496PW","3510KFor3520KF","",""
"14","パワーショベル","PC450LC-11","SAA6D125","","150KN","496PW","3840KF+600-319-4800※","",""
"14","パワーショベル","PC490(LC)-11NO","SAA6D125","","150KN","496PW","3841KF※+4540PF","180-200",""
"14","パワーショベル","PC600,650-6(E)","N14-C420","","150KN×2C=527K","491BW","165FN×2","","HYD欄に淡色の純正番号表記あり：H=07063-51365／R=07063-21?00 と読める（判読不確実・原本確認）"
"14","パワーショベル","PC600,650-7","SA6D140","E#112158~","150KN","496PW","3510KF","","HYD欄に淡色の純正番号表記あり：H209-60-77530 と読める（判読不確実・原本確認）"
"14","パワーショベル","PC600,650-7","SA6D140","E#114118~","150KN","496PW","3520KF","","HYD欄に淡色の純正番号表記あり：H209-60-77530 と読める（判読不確実・原本確認）"
"14","パワーショベル","PC650-1","KT-1150","#10007~","150K×2+5300N","495B","165FN×2","150-450×2+527K",""
"14","パワーショベル","PC650-1A","S6D170","#10014~","150K×2","495B","165FN×2","150-450×2+527K",""
"14","パワーショベル","PC650(LC,SE)-3","SA6D140","#10501~","150KC=527K","492N","150F","150-450×3+165KH",""
"14","パワーショベル","PC650(LC,SE)-5","SA6D140","#20001~","150KC=527K","492N","150F","150-450×3+165KH",""
"14","パワーショベル","PC650-6(E)","N14-C420","#30001~","9009LF×2","491BW","165FN","178-450L,C=527K",""
"14","パワーショベル","PC650-6(E)","SA6D140","#31001~","150KN","496PW","3510KF","178-450L,C=527K",""
"14","パワーショベル","PC650LC-8","SAA6D140","#50001~","150KN,C=527K","496PW","3520KF+4540PF","H=209-60-77530",""
"14","パワーショベル","PC710·710SE-5","SA6D140","#10001~","150K,C=527K","492N","150F","150-450×3,ドレン=165KH",""
"14","パワーショベル","PC750S(E)-6","SAA6D140","#10001~","150K×2","492N","150F","150-450×2",""
"14","パワーショベル","PC750,800-7","SAA6D140","","150KNC=527KH","496PW","3510KF","","HYD欄に淡色の純正番号表記あり：209-60-77530(?)×2 と読める（判読不確実・原本確認）"
"14","パワーショベル","PC750,800-7","SAA6D140","E#114134~","150KNC=527KH","496PW","3520KF","","HYD欄に淡色の純正番号表記あり：209-60-77530(?)×2 と読める（判読不確実・原本確認）"
"14","パワーショベル","PC800(SE)-6","SAA6D140","#30001~","150K×2","492N","150F","150-450×2",""
"14","パワーショベル","PC800-8,850-8","SAA6D140","","150KN×2","496PW","3520KF+4540PF","","HYD欄に淡色の純正番号表記あり：209-60-77531×2 と読める（判読不確実・原本確認）"
"14","パワーショベル","PC950-11","SAA6D140","#10001~","150KN×2","496PW","3840KF+純正","","HYD欄に淡色の純正番号表記あり：2AA-60-11260×2 と読める（判読不確実・原本確認）"
"14","パワーショベル","PC1000(SE)-1","SA6D170","#10001~10371","150K×2","492N","165FN×2","150-450×4",""
"14","パワーショベル","PC1000(SE)-1","SA6D170","#10372~","","","","C=527K",""
"14","パワーショベル","PC1100(SE)-6","SAA6D170","","150K×2","492N","165FN×3","",""
"14","パワーショベル","PC1250-7","","#20001~","150K×2C=527KH","496PW","(600-319-3111+3240KF)×2","178-450L×2,P=1114",""
"14","パワーショベル","PC1250-8","SAA6D170","","150KN×2","496PW","3550KF+4540PF×2","209-60-77531×2,P=1114",""
"14","パワーショベル","PC1500-1","KT-1150×2","#10001~","150K×4,5300N×2,C=527K","492N×2","165FN×2","150-450×5,ドレン=121CG","原本のOIL欄は「150K×45300N×2C=527K」と区切りなしで印字"
"14","パワーショベル","PC1500-1A","S6D170-1×2","#10007~","150K×4,5300N×2,C=527K","492N×2","165FN×2","150-450×5,ドレン=121CG","原本のOIL欄は「150K×45300N×2C=527K」と区切りなしで印字"
"15","パワーショベル","PC1600-1","S6D140-1×2","#1001~","","492N×2","150F×2","150-450×6+121CG","OIL欄は極小文字で判読困難（150K×2+151KB×2,C=527K×2 のように見える・原本確認）"
"15","パワーショベル","PC1800","SAA6D140E×2","","150KN","496PW","3510KF","","HYD欄に淡色の純正番号表記あり（判読困難・原本確認）"
"15","パワーショベル","PC1800","SAA6D140E×2","E#114134~","150KN","496PW","3520KF","","HYD欄に淡色の純正番号表記あり（判読困難・原本確認）"
"15","パワーショベル","PC2000-11R","","","","","","",""
"15","パワーショベル","PC3000","","","","","","",""
"15","パワーショベル","PC4000","","","","","","",""
"15","パワーショベル","PC8000","","","","","","",""
"15","パワーショベル","PC9000","","","","","","",""
"15","パワーショベル","PX500","SAA6D102","","","","","",""
"15","パワーショベル","PF3-1","6D95","#10001~","103-3N","823NH","516KH","195N",""
"15","パワーショベル","PF3W-1","S6D95","#3501~","103-3N","823NHA","516KH","195N",""
"15","パワーショベル","PF5·5LC-1","S6D105","#10001~","165K","494K","101K","150-300",""
"15","パワーショベル","PW05-1","3D72","#1001~","203","838NT","532-85","","HYD欄に淡色の純正番号表記あり（判読困難・原本確認）"
"15","パワーショベル","PW20-1","3D84","#1001~","108","837N","532-85","33130、1222",""
"15","パワーショベル","PW30-1","3D84","#1001~","108","837N","532-85","33130、1222",""
"15","パワーショベル","PW40UU","4D84","","","","","",""
"15","パワーショベル","PW60-1","4D94","#1501~","103-3","836N","516KH","1222",""
"15","パワーショベル","PW60-3","4D95","#1001~","103-3N","836N","516KH","1222",""
"15","パワーショベル","PW100-1","S4D105","#1001~","165K","815NN","516KH","195N",""
"15","パワーショベル","PW100-3","S6D95","","103-3N","823NH","516KH","195N",""
"15","パワーショベル","PW128UU-1","S4D102","#1001~","103-6","810TW","201-3","195N",""
"15","パワーショベル","PW150-1","6D95","#1001~","103-3N","823NH","516KH","195N",""
"15","パワーショベル","PW200-1","S6D105","#10001~","165K","494K","101K","150-300",""
"15","パワーショベル","PW200-7","SAA6D102","#20001~","207N-6","809PW","201-3","",""
"15","ホイルローダ","WA10-1","3D66","#10001~","203","838NT","532-85","","HYD欄に淡色の純正番号表記あり（判読困難・原本確認）"
"15","ホイルローダ","WA10-6","","#12001~","203S","838P","532-85","","HYD欄に淡色の純正番号表記あり（判読困難・原本確認）"
"15","ホイルローダ","WA20-1","3D78","#1001~","106S","837N","50-90","103SS",""
"15","ホイルローダ","WA20-2","3D78","","108","837N-190","532-85","103SS",""
"15","ホイルローダ","WA30-1","2D94","#1001~","103-3","836N","500E","35310",""
"15","ホイルローダ","WA30-2","3D84","#3001~9000","108","837N","532-85","","HYD欄に淡色の純正番号表記あり（判読困難・原本確認）"
"15","ホイルローダ","WA30(-3)","3D84","#9001~","106S","837N","50-90","","HYD欄に淡色の純正番号表記あり（判読困難・原本確認）"
"15","ホイルローダ","WA30-5","3D84N","#15001~18969","","","","35310",""
"15","ホイルローダ","WA30-5E","3D84E","#18970~","","","","","型式は原本で「WA30-5€」のように印字。HYD欄に淡色の純正番号表記あり（判読困難・原本確認）"
"15","ホイルローダ","WA30-5EO","3D84E","#26001~","203","837N","107SF","35310",""
"15","ホイルローダ","WA30-6","3D88E","","203","837P","107SF","35310",""
"15","ホイルローダ","WA30-6EO(NI)","","#100001~","203","836P","107SF","",""
"15","ホイルローダ","WA40-1","4D95L","#1001~","103-3N","836N","516KH","33130",""
"15","ホイルローダ","WA40-2","S3D84","#3001~","106S","837N","50-90","35310",""
"16","ホイルローダ","WA40-3","S3D84","#10001~13529","106S","837N","50-90","35310",""
"16","ホイルローダ","WA40-3E","S3D84","","108","837N","50-90+532S","35310",""
"16","ホイルローダ","WA40-3E","S3D84","E#20305~","108","837N","50-90+563F","35310",""
"16","ホイルローダ","WA40-3E","S3D84","#19001~","203","837N","107SF","35310",""
"16","ホイルローダ","WA40-6","4D88E","#60001~","203","836P","107SF","35310",""
"16","ホイルローダ","WA40-8(NO)","4D88E","#7001~","203","836P","3530KF+3530PF","","HYD欄に淡色の純正番号表記あり：HYD=42A-60-71310、HST=42A-15-51??? と読める（判読不確実・原本確認）"
"16","ホイルローダ","WA50","4D95S","#10001~","103-3N","836NR","516V","",""
"16","ホイルローダ","WA50-3","S3D84E","#20001~20641","108","837N","50-90+532S","35310",""
"16","ホイルローダ","WA50-3","S3D84E","#20642~","108","837N","50-90","35310",""
"16","ホイルローダ","WA50-3","S3D84E","E#20305~","108","837N","50-90+563F","35310",""
"16","ホイルローダ","WA50-3EO","S3D84E","#23001~","203","837N","107SF","35310",""
"16","ホイルローダ","WA50-6","4D88E","#60001~","203","836P","107SF","35310",""
"16","ホイルローダ","WA50-8(NO)","4D88E-7","#70001~","203","836P","3530KF+3530PF","","HYD欄に淡色の純正番号表記あり：HYD=42A-60-71310、HST=42A15-51??? と読める（判読不確実・原本確認）"
"16","ホイルローダ","WA70-1","4D95L","~#12000","103-3N","836N","516KH","35310,T=1114",""
"16","ホイルローダ","WA70-1","4D95L","#12001~","103-3N","836T","516KH","35310,T=1114",""
"16","ホイルローダ","WA80-3(E)","4D102E","#10001~12000","103-6","836T","201-3","35310",""
"16","ホイルローダ","WA80-3CN(EO)","4D95L","#12001~","205SK","823P(W)","516KH","712H",""
"16","ホイルローダ","WA80-8","SAA4D95L","#20001~","205SK","839PW","3870KF+4110KF","","HYD欄に淡色の純正番号表記あり：419-60-35151 と読める（判読不確実・原本確認）"
"16","ホイルローダ","WA100-1,3","6D95","~#110729","103-3N","823NH","516KH","1222,T=1114",""
"16","ホイルローダ","WA100-1,3","6D95","#110730~","103-3","823NH","516KH","1222,T=1114",""
"16","ホイルローダ","WA100M-3","S4D102E","#10001~11500","103-6","823NTW","201-3","35310",""
"16","ホイルローダ","WA100M-3","S4D95LE","#11501~","205SK","823PW","516KH","35310",""
"16","ホイルローダ","WA100-3(A)","S4D102E","","103-6","810TW","201-3","1222,T=1114",""
"16","ホイルローダ","WA100-3ED","SAA4D102E","#70001~","103-6","823NHPW","201-3","","HYD欄に淡色の純正番号表記あり：419-60-35152 と読める（原本確認）"
"16","ホイルローダ","WA100-5","SAA4D102E","#70001~","103-6","823NHPW","201-3","TM=160K",""
"16","ホイルローダ","WA100-6","SAA4D95L","","205SK","823NHPW","3530KF+4110KF","T/M=160K","HYD欄に淡色の純正番号表記あり：419-60-3515? と読める（判読不確実・原本確認）"
"16","ホイルローダ","WA100-6","SAA4D95L","E#516805~","205SK","823NHPW","3870KF+4110KF","T/M=160K","HYD欄に淡色の純正番号表記あり：419-60-3515? と読める（判読不確実・原本確認）"
"16","ホイルローダ","WA100-7","SAA4D95L","","205SK","","3870KF+4110KF","CV=101KBF","AIR欄に淡色の純正番号 600-185-2710、HYD欄に 419-60-35150 と読める表記あり（判読不確実・原本確認）"
"16","ホイルローダ","WA100-8","SAA4D95L","","205SK","823NHPW","3870KF+4110KF","TM=160K,CV=101KBF","AIR欄に淡色の純正番号 600-185-2710 の併記あり。HYD欄にも淡色の純正番号表記あり（判読困難・原本確認）"
"16","ホイルローダ","WA100-8","SAA4D95L","","205SK","823NHPW","","CV=101KBF","FUEL欄は淡色の純正番号表記：※6540-71-2320、PCV 600-333-3900 と読める（判読不確実・原本確認）"
"16","ホイルローダ","WA103","SAA6D107E","","207N-6","494KPW","201-3","","HYD欄に淡色の純正番号表記あり：419-60-35152 と読める（原本確認）"
"16","ホイルローダ","WA105","SAA4D107E","","207N-6","494KPW","201-3","","HYD欄に淡色の純正番号表記あり：419-60-35152 と読める（原本確認）"
"16","ホイルローダ","WA108","SAA6D107","","207N-6","494KPW","6140KF+3610KF","TM=160K","HYD欄に淡色の純正番号表記あり：419-60-35152 と読める（原本確認）"
"16","ホイルローダ","WA108","SAA6D107","E#26548330~","207N-6","494KPW","3750KF+3610KF","TM=160K","HYD欄に淡色の純正番号表記あり：419-60-35152 と読める（原本確認）"
"16","ホイルローダ","WA150-1,3","S6D95L","~#110798","103-3N","815NN","516KH","1222,C=527K,T=1114(メッシュW058)",""
"16","ホイルローダ","WA150-1,3","S6D95L","#110799~","103-3","815NN","516KH","1222,C=527K,T=1114(メッシュW058)",""
"16","ホイルローダ","WA150-1,3","S6D102E","#63001~","103-6","494KW","201-3","1222,T=1114",""
"16","ホイルローダ","WA150-5NI","SAA4D102E","","103-6","823NHPW","201-3","","HYD欄に淡色の純正番号表記あり：419-60-35152 と読める（原本確認）"
"16","ホイルローダ","WA150-6","SAA4D95LE","","205SK","823NHPW","3530KF+4110KF","T/M=160K","HYD欄に淡色の純正番号表記あり：419-60-35152 と読める（原本確認）"
"16","ホイルローダ","WA150-6","SAA4D95LE","E#516805~","205SK","823NHPW","3870KF+4110KF","T/M=160K","HYD欄に淡色の純正番号表記あり：419-60-35152 と読める（原本確認）"
"17","ホイルローダ","WA150-8","SAA4D95LE","","205SK","823NHPW","3870KF+4110KF","",""
"17","ホイルローダ","WA200-1","6D105","#10001~","165K","815NN","101K","1222,T=1114,C=527K",""
"17","ホイルローダ","WA200-3","6D105","#60001~","103-3","","516KH","",""
"17","ホイルローダ","WA200-3","S6D102E","#63001~","207N-6","494KW","201-3","1222,T=1114",""
"17","ホイルローダ","WA200-5","SAA6D102E","#65001~","207N-6","809PW","201-3","T/M=160K","HYD欄に淡色の純正番号表記の併記あり（判読困難・原本確認）"
"17","ホイルローダ","WA200-6","SAA4D107E","","207N-6","823NHPW","6140KF+3610KF","T/M=160K","HYD欄に淡色の純正番号表記の併記あり（判読困難・原本確認）"
"17","ホイルローダ","WA200-6","SAA4D107E","E#26548134~","207N-6","823NHPW","3750KF+3610KF","T/M=160K","HYD欄に淡色の純正番号表記の併記あり（判読困難・原本確認）"
"17","ホイルローダ","WA200-7","SAA4D107E","","207N-6","","3750KF+3610KF","T/M=160K",""
"17","ホイルローダ","WA200-8","SAA4D107E","","207N-6","","3750KF+3610KF","T/M=160K",""
"17","ホイルローダ","WA200","SAA4D107E","","207N-6","494KPW","201-3","","HYD欄に淡色の純正番号表記あり（判読困難・原本確認）"
"17","ホイルローダ","WA250-(3E)","S6D102E","#65001~","207N-6","494KW","201-3","1222,T=1114",""
"17","ホイルローダ","WA270-5","SAA6D102E","#70001~","207N-6","809PW","201-3","","HYD欄に淡色の純正番号表記あり（判読困難・原本確認）"
"17","ホイルローダ","WA270","SAA6D107E","","207N-6","494KPW","201-3","","HYD欄に淡色の純正番号表記あり（判読困難・原本確認）"
"17","ホイルローダ","WA270-6","SAA4D107E","","207N-6","494KPW","6140KF+3610KF","","HYD欄に淡色の純正番号表記あり（判読困難・原本確認）"
"17","ホイルローダ","WA270-6","SAA4D107E","#75813~","207N-6","494KPW","3750KF+3610KF","","HYD欄に淡色の純正番号表記あり（判読困難・原本確認）"
"17","ホイルローダ","WA270-8","SAA6D107E","","207N-6","494KPW","3750KF+3610KF","","HYD欄に淡色の純正番号表記あり（判読困難・原本確認）"
"17","ホイルローダ","WA300-1","S6D105-1X,WW","","165K","460NN","101K","#~30000=195N,#30001~=150-300",""
"17","ホイルローダ","WA300-1","S6D105-1AH","","165K","494KW","101K","#~30000=195N,#30001~=150-300",""
"17","ホイルローダ","WA300-3","S6D108","#50322~","165K","815NTW","165FN","150-300,T=1114(W039)",""
"17","ホイルローダ","WA300-3CS,EX","SA6D102","#51001~","207N-6","494KPW","201-3","150-300,T=1114(W067)",""
"17","ホイルローダ","WA320-5","SAA6D102","#60001~","207N-6","809PW","201-3","T/M=160K","HYD欄に淡色の純正番号表記の併記あり（判読困難・原本確認）"
"17","ホイルローダ","WA320-6","SAA6D107","","207N-6","494KPW","6140KF+3610KF","T/M=160K","原本では「WA320-6／WA108」を同一行に記載。HYD欄に淡色の純正番号表記の併記あり（判読困難・原本確認）"
"17","ホイルローダ","WA320-6","SAA6D107","E#26548330~","207N-6","494KPW","3750KF+3610KF","T/M=160K","原本では「WA320-6／WA108」を同一行に記載。HYD欄に淡色の純正番号表記の併記あり（判読困難・原本確認）"
"17","ホイルローダ","WA108","SAA6D107","","207N-6","494KPW","6140KF+3610KF","T/M=160K","原本では「WA320-6／WA108」を同一行に記載（P16のWA108と表記差あり）"
"17","ホイルローダ","WA108","SAA6D107","E#26548330~","207N-6","494KPW","3750KF+3610KF","T/M=160K","原本では「WA320-6／WA108」を同一行に記載（P16のWA108と表記差あり）"
"17","ホイルローダ","WA320-7","","","207N-6","494KPW","3750KF+3610KF","T/M=160K","HYD欄に淡色の純正番号表記の併記あり（判読困難・原本確認）"
"17","ホイルローダ","WA320-8","SAA6D107","","207N-6","494KPW","3750KF+3610KF","","HYD欄に淡色の純正番号表記あり（判読困難・原本確認）"
"17","ホイルローダ","WA350-1","S6D110-1A","#10001~","165K","460NN","101K","150-300",""
"17","ホイルローダ","WA350-1","S6D110-1G","#10001~","165K","494KW","101K","150-300",""
"17","ホイルローダ","WA350-3","S6D108","","165K","815NTW","165FN","150-300(x2),T=1114",""
"17","ホイルローダ","WA380-5","SAA6D114E","","9009LF","977KPW","165FNS","150-450",""
"17","ホイルローダ","WA380-6","SAA6D107E","#65001~","207N-6","977KPW","6140KF+3610KF","","HYD欄に淡色の純正番号表記あり（判読困難・原本確認）"
"17","ホイルローダ","WA380-7","SAA6D107E","","207N-6","977KPW","3750KF+3610KF","110-200,T/M=712H",""
"17","ホイルローダ","WA380-8","SAA6D107E","","207N-6","494KPW","3750KF+3610KF","110-200N,尿素=529UNF",""
"17","ホイルローダ","WA400-1","SA6D110","#10001~","165K","495B","165FN","150-300×2,T=1114",""
"17","ホイルローダ","WA400-1","SA6D110","#20001~","165K+527K","815NTW","165FN","150-300×2,T=1114",""
"17","ホイルローダ","WA400-3","SA6D108","","165K+527K","815NTW","165FN","150-300,T=1114",""
"17","ホイルローダ","WA400-3","SA6D108","トンネル工事用","165K+527K","","165FN","150-300,T=1114","AIR欄に極小文字の表記あり（判読困難・原本確認）"
"17","ホイルローダ","WA430","SAA6D125E","#60001~","150KN","977KPW","165FNS","150-450+527KS",""
"17","ホイルローダ","WA430-6","SAA6D114E","#65001~","9009LF","977KPW","6140KF+3610KF","","HYD欄に淡色の純正番号表記あり（判読困難・原本確認）"
"17","ホイルローダ","WA450-1","","#10001~20000","150K","495B","165FN","150-300×2,T=1114C=527K",""
"17","ホイルローダ","WA450-3","S6D125","#50001~50145","150K","495BNTW","165FN","150-300×2,T=1114C=527K",""
"18","ホイルローダ","WA470-5","SAA6D125E","E#~316946","150KN","977KPW","","178-450,C=527K","FUEL欄は淡色の純正番号表記：600-319-3310 と読める（原本確認）。HYD欄に「ST/M714-07-2871?」の併記あり（判読不確実）"
"18","ホイルローダ","WA470-5","SAA6D125E","#70001~","150KN","977KPW","3510KF+4540PF","178-450,C=527K","HYD欄に「ST/M714-07-2871?」の併記あり（判読不確実）"
"18","ホイルローダ","WA470-6","SAA6D125E","","150KN","977KPW","3550KF+4540PF","178-450","HYD欄に「T/M=淡色の純正番号」の併記あり（判読困難・原本確認）"
"18","ホイルローダ","WA470-7","","","150KN","977KPW","3840KF+4800KF","178-450","HYD欄に「T/M=淡色の純正番号」の併記あり（判読困難・原本確認）"
"18","ホイルローダ","WA470-8","SAA6D125E","#100001~","150KN","977KPW","3840KF+4800KF","178-450","HYD欄に「T/M=淡色の純正番号」の併記あり（判読困難・原本確認）"
"18","ホイルローダ","WA470-10","SAA6D125E","#120001~","150KN","977KPW","3840KF+4800KF","150-200N","HYD欄に「T/M=淡色の純正番号」の併記あり（判読困難・原本確認）"
"18","ホイルローダ","WA480-5","SAA6D125E","E#~316946","150KN","977KPW","","178-450,C=527KS","FUEL欄は淡色の純正番号表記：600-319-3310 と読める（原本確認）。HYD欄に「T/M714-07-2?7??」の併記あり（判読不確実）"
"18","ホイルローダ","WA480-5","SAA6D125E","#70001~","150KN","977KPW","3510KF+4540PF","178-450,C=527KS","HYD欄に「T/M714-07-2?7??」の併記あり（判読不確実）"
"18","ホイルローダ","WA480-6","SAA6D125E","","150KN","977KPW","3550KF+4540PF","178-450","HYD欄に「T/M=淡色の純正番号」の併記あり（判読困難・原本確認）"
"18","ホイルローダ","WA480-7","","","150KN","977KPW","3840KF+4800KF","178-450","HYD欄に「T/M=淡色の純正番号」の併記あり（判読困難・原本確認）"
"18","ホイルローダ","WA480-8","SAA6D125E","#100001~","150KN","977KPW","3840KF+4800KF","178-450","HYD欄に「T/M=淡色の純正番号」の併記あり（判読困難・原本確認）"
"18","ホイルローダ","WA500-1","S6D140","#10001~","150K+527K","492N","150F","150-300×2,T=1114",""
"18","ホイルローダ","WA500-3","S6D140E","#50001~","150K+527K","492N","150F","T=1114×2",""
"18","ホイルローダ","WA500-3","SAA6D140E","","150KN","496PW","3510KF(~E#114518),3550KF(E#114519~)","178-450,T=1114×2",""
"18","ホイルローダ","WA500-3","SA6D140E","","527KQ","496PW","3510KF(~E#114518),3550KF(E#114519~)","178-450,T=1114×2","原本ではOIL欄が「150KN／527KQ」の2段表記（エンジン行ごとに記載）"
"18","ホイルローダ","WA500-6","","#55001~","150KN×2+527KH","496PW","3550KF+4540PF","T=1114×2","HYD欄に淡色の純正番号表記あり：209-60-77532 と読める（判読不確実・原本確認）"
"18","ホイルローダ","WA500-6","","#55531~","150KN×2+527KH","496PW","3840KF+4540PF","T=1114×2","HYD欄に淡色の純正番号表記あり：209-60-77532 と読める（判読不確実・原本確認）"
"18","ホイルローダ","WA500-7","","#10001~","150KN×2","496PW","3840KF+4800KF","","HYD欄に淡色の純正番号表記あり：209-60-77532 と読める（判読不確実・原本確認）"
"18","ホイルローダ","WA600-1","S6D170","#10001~","150K×2+527KH","492N","165FN×2","150-300×2,T=1114×3",""
"18","ホイルローダ","WA600-1","S6D170","#10865~","150K×2+527KH","492N","165FN×2","150-300×2,T=1114×3",""
"18","ホイルローダ","WA600-3","SA6D170","#50001~","150K×2+527KH","492N","165FN×2,WS=600-319-3111×2","150-450×2,T=1114×3",""
"18","ホイルローダ","WA600-3","SAA6D107","#52000~","150K×2+527KH","496PW","165FN×2,WS=600-319-3111×2","150-450×2,T=1114×3","エンジン型式は原本の印字どおり「SAA6D107」"
"18","ホイルローダ","WA700(-1)","SA6D170","#10001~","150K×2+527KH","492N","165FN×3","150-300×3,T=1114×4",""
"18","ホイルローダ","WA700-3","SA6D170","#50001~","150K×2+527KH","492N×2","165FN×3","150-450×2,T=1114×4",""
"18","ホイルローダ","WA800-1","SA6D170","","150K×3+527KH","492N×2","150F×2+516KH","150-300×4,T=1114×6",""
"18","ホイルローダ","WA800-1","SA12V140","#10001~10448","150K×2+527KH","492N×2","150F×2+516KH","150-300×4,T=1114×6",""
"18","ホイルローダ","WA800-1","SA12V140","#10449~","150K×4+527KH","492N×2","150F×2+516KH","150-300×4,T=1114×6",""
"18","ホイルローダ","WA800-3","SA12V140","#10001~","150K×4","492N×2","150F×2","150-450×3,T=1114×4",""
"18","ホイルローダ","WA900-1","SA12V140","#10001~","150K×4+527KH","492N×2","150F×2","150-300×4,T=1114×6",""
"18","ホイルローダ","WA900-3","SA12V140","#50001~","150K×4","492N×2","150F×2","150-450×3,T=1114×4",""
"18","ホイルローダ","WA900-8R","SA12V140","","150K×4","496PW×2","3840KF×2","","FUEL欄に「+421-60-35170×1」と読める淡色の純正番号の併記あり（判読不確実・原本確認）"
"18","ホイルローダ","WA1200-6","SSDA16V160","","","","","",""
"18","ホイルローダ","WR8-1","4D95L","#19001~","103-3N","836T","516KH","35310,T=1114",""
"18","ホイルローダ","WR11-1","6D95L","#29005~","103-3N","823NH","516KH","1222,T=1114",""
"18","ホイルローダ","WR11-3","S4D102E","#53001~","103-6","810TW","201-3","1222,T=1114",""
"18","ホイルローダ","WR12","SAA4D102E","","103-6","823NHPW","201-3","",""
"18","ホイルローダ","WR12-5","SAA4D102E","#55001~","103-6","823NHPW","201-3","","HYD欄に淡色の純正番号表記あり：419-60-35152 と読める（原本確認）"
"18","ホイルローダ","WR12-6","SAA4D95LE","","205SK","823NHPW","3530KF+4110KF","","HYD欄に淡色の純正番号表記あり：419-60-35152 と読める（原本確認）"
"18","ホイルローダ","WR12-6","SAA4D95LE","E#516805~","205SK","823NHPW","3870KF+4110KF","","HYD欄に淡色の純正番号表記あり：419-60-35152 と読める（原本確認）"
"19","ホイルローダ","WR12-8","","","","","","",""
"19","ホイルローダ","505","4D94","#10001~","103-3","836N","516KH","","HYD欄に淡色の純正番号表記あり（判読困難・原本確認）"
"19","ホイルローダ","507(J01-~)","4D94","#50001~","103-3","836N","516KH","","HYD欄に淡色の純正番号表記あり（判読困難・原本確認）"
"19","ホイルローダ","510","4D105","#10001~14003","103-3×2","845","540,#4263~=101K","T=1114",""
"19","ホイルローダ","510","4D105","#14004~","165K","823NH","516KH","T=1114",""
"19","ホイルローダ","515-1","DA220","#10001~","314-1","","540","T=1114",""
"19","ホイルローダ","515-2","6D105","#12001~","165K+527K","815NN","101K","T=1114",""
"19","ホイルローダ","520B","6D105","#10001~","165K+527K","815NN","101K","T=1114",""
"19","ホイルローダ","530(B)","S6D105","","165K","","101K","","AIR欄・HYD欄に淡色の純正番号表記あり（判読困難・原本確認）"
"19","ホイルローダ","540","SA6D110","#10001~","165K+227N","","165FN","T=1114","AIR欄に淡色の純正番号表記あり。HYD欄「T=1114」の前に淡色の純正番号表記あり（判読困難・原本確認）"
"19","ホイルローダ","540B","SA6D110","#50001~","165K","","165FN","150-300","AIR欄に淡色の純正番号表記あり（判読困難・原本確認）"
"19","ホイルローダ","545","NT855","#10001~","150K+5300N+527K","492N","165FN×2","150-300,T=1114×2",""
"19","ホイルローダ","555","NT855","#10001~","150K+5300N+527K","492N","165FN×2","150-300,T=1114×2",""
"19","ホイルローダ","560B","KT-1150","","150K×2+5300N","","165FN×2","150-300×2,T=1114×2","AIR欄に淡色の純正番号表記あり（判読困難・原本確認）"
"19","ホイルローダ","570","","","","","","","OIL欄「CULF-516×2」ほか各欄に淡色の表記あり（判読困難・原本確認）"
"19","ホイルローダ","JH30B","DA220","#1~10794","","835","","",""
"19","ホイルローダ","JH60","DA640","#0003~","314-1","","540","",""
"19","ホイルローダ","JH63","DA220","#0001~","","835","","",""
"19","ホイルローダ","JH63-2","6D105","#10001~","165K","815NN","101K","C=527K",""
"19","ホイルローダ","JH65","DA120","","314-1","490NN","540","",""
"19","ホイルローダ","JH65C","DA640","#0003~","","818NS","","",""
"19","ホイルローダ","JH65C","DA640","#1399~","","490NN","","",""
"19","ホイルローダ","JH65C","DA640","#1581~","","490NNS","","",""
"19","ホイルローダ","JH65CN","C-464","#0043~8068","CULF-516","818NS","CUFF-108","",""
"19","ホイルローダ","JH65CN","C-464","#8069~8477","CULF-516","490NN","CUFF-108","",""
"19","ホイルローダ","JH65CN","C-464","#8478~","CULF-516","490NNS","CUFF-108","",""
"19","ホイルローダ","JH65C-2","DA640","#10001~","314-1","490NNS","540","",""
"19","ホイルローダ","JH65CH","1HDT414","","","875H","","",""
"19","ホイルローダ","JH65CV","V-504","","5300N","875H","165FN","","OIL欄は「CULF613+5300N」と印字（CULF613は淡色の小文字）。HYD欄に淡色の「C=CUWF-2012」表記あり（原本確認）"
"19","ホイルローダ","JH80B","1HDT466","#0001~","","875H","","",""
"19","ホイルローダ","JH80C","PD6T04","#10001~","226+227NP","875H","529N","",""
"19","ホイルローダ","JH90E","V-170","#0001~0276","317+5300N","495BH","","",""
"19","ホイルローダ","JH90EA","8MA1","#0277~","317+5300N","495BH","","",""
"19","ホイルローダ","JH90EV","V-903","#0001~","","495BH","","","OIL欄「CULF-516」、FUEL欄「CUFF-108」、HYD欄「C=CUWF-2012」が淡色表記（原本確認）"
"19","ホイルローダ","JH90EH","1HDVT573B","#0001~","","495BH","","",""
"19","ホイルローダ","SK04-1","2HS72","#1001~","203","838N","","","FUEL欄に淡色の純正番号表記あり：105223-55600? と読める（判読不確実・原本確認）"
"19","ホイルローダ","SK04-2","3D66","#3001~","203","838N","532-85","",""
"19","ホイルローダ","SK05-1","3D75N","#1001~","106S","838N","532-85","",""
"20","ホイルローダ","SK07-1","2D94","#1001~","103-3","836N","500E","",""
"20","ホイルローダ","SK07-2","3D84","#3001~","108","837N","532-85","","エンジン欄の先頭文字は原本で「3」「S」の判別が難しい（3D84 と判断）"
"20","ホイルローダ","SK07-3","3D84N","#5001~","203","837N","50-90","","エンジン欄の先頭文字は原本で「3」「S」の判別が難しい（3D84N と判断）"
"20","ホイルローダ","SK714-5","","","","","","",""
"20","ホイルローダ","SK815-5","","","","","","",""
"20","モータグレーダ","GD22H-1","4D105","#1003~","103-3","845","540","1221N",""
"20","モータグレーダ","GD22AC-1","4D105","#1501~","103-3","845","101K","1221N",""
"20","モータグレーダ","GD28AC-1","4D105","#1002~","103-3","845","101K","1221N",""
"20","モータグレーダ","GD30-5M","4D120","#801~","191N","450","529N","",""
"20","モータグレーダ","GD31RC-3A","4D130","","191N","450","529N","1221N",""
"20","モータグレーダ","GD31-3H","S4D120","#1501~","191N","460N","529N","1221N",""
"20","モータグレーダ","GD37-5H","S4D120","#2101~","191N","460N","529N","1221N",""
"20","モータグレーダ","GD37-6H","NH-220-CI","E#100101~112050","192N+5300N+526","460N","590","1221N",""
"20","モータグレーダ","GD37-6H","NH-220-CI","E#112051~","192N+5300N+527K","460N","590","1221N",""
"20","モータグレーダ","GD40A","6D95","","103-3","494K","101K","",""
"20","モータグレーダ","GD40HT-2","NH-220-CI","E#100101~112050","192N+5300N+526","460N","590","1221N",""
"20","モータグレーダ","GD40HT-2","NH-220-CI","E#112051~","192N+5300N+527K","460N","590","1221N",""
"20","モータグレーダ","GD200A·300A-1","4D105","#2001~","165K","823NH","516KH","1221-2",""
"20","モータグレーダ","GD305A-1","6D95","#6001~","103-3N","823NH","516KH","90-180,T=1222",""
"20","モータグレーダ","GD305A-1A","6D95","#6501~","103-3N","823NH","516KH","",""
"20","モータグレーダ","GD305A-3","S4D102","#8001~","103-6","810TW","201-3","",""
"20","モータグレーダ","GD355A-1(A)","6D95","#5001~","103-3N","823NH","516KH","90-180,T=1222",""
"20","モータグレーダ","GD355A-3","S4D102","#7001~","103-6","810TW","201-3","",""
"20","モータグレーダ","GD405A-1","6D105","#50002~50112","165K","815NN","101K","1221N,T=191AN",""
"20","モータグレーダ","GD405A-1","6D105","#50113~","165K","815NN","101K","191AN,T=191AN",""
"20","モータグレーダ","GD405A-2","6D95","#1001~","103-3N","494KW","516KH","90-180,T=191AN",""
"20","モータグレーダ","GD405A-2A","6D95","#2001~","103-3N","494KW","516KH","T=191AN","HYD欄「T=191AN」の前に淡色の純正番号表記あり：230-60-13140 と読める（判読不確実・原本確認）"
"20","モータグレーダ","GD405A-3","S6D102","#5001~","207N-6","494KW","201-3","",""
"20","モータグレーダ","GD405A-3EO(Y)","SAA6D102","#6001~","207N-6","809PW","201-3","",""
"20","モータグレーダ","GD405A-7","SAA4D107","","207N-6","823NHPW","3750KF+3610KF","","HYD欄に淡色の純正番号表記あり：423-60-45461 と読める（判読不確実・原本確認）"
"20","モータグレーダ","GD500R-2","S6D105","E#19730~49999","165K","460NN","101K","193","HYD欄「193」の後ろに淡色の表記あり（判読困難）"
"20","モータグレーダ","GD505A-2","S6D105","#50003~","165K","460NN","101K","1221N×2,T=191AN",""
"20","モータグレーダ","GD505A-3(A)","S6D(95)105","#79301~92777","165K","460NN","101K","1222",""
"20","モータグレーダ","GD505A-3(A)","S6D(95)105","#92778~","165K","494KW","101K","1222",""
"20","モータグレーダ","GD505A-3(A)","S6D102","#2001~","207N-6","494KW","201-3","1222",""
"20","モータグレーダ","GD600R-1","NH-220-CI","#10002~","192N+5300N+527K","460NN","590","1221NT=191AN",""
"20","モータグレーダ","GD600R-1","NH-220-CI","#177874~","150K+5300N+527K","460NN","165FN","1221NT=191AN",""
"20","モータグレーダ","GD600R-3","6D125","#14001~","165K","460NN","165FN","1221N,T=191AN",""
"21","モータグレーダ","GD605A-1","NH-220-CI","#10002~","192N+5300N+527K","460NN","590","1221NT=191AN",""
"21","モータグレーダ","GD605A-1","NH-220-CI","#177874~","150K+5300N+527K","460NN","165FN","1221NT=191AN",""
"21","モータグレーダ","GD605A-3","6D125","#54001~","165K","460NN","165FN","1221N,T=191AN",""
"21","モータグレーダ","GD605A-5","6D125","#1001~","165K","460NN","165FN","1221N,T=191AN",""
"21","モータグレーダ","GD605A-5A","6D125","#1501~","165K","450N","165FN","1221N,T=191AN",""
"21","モータグレーダ","GD605A-5AE","6D125","#1601~","165K","450N","165FNS","1222,T=1222",""
"21","モータグレーダ","GD655","SAA6D114","","9009LF","977KPW","165FNS","195N","HYD欄は「195N,M=」の後ろに淡色の純正番号表記あり：714-07-2071? と読める（判読不確実・原本確認）"
"21","モータグレーダ","GD655-3EO","SAA6D114","","9009LF","977KPW","6140KF+3610KF","195NL","HYD欄「195NL,」の後ろに淡色の純正番号表記：M=714-07-28710? と読める（判読不確実・原本確認）"
"21","モータグレーダ","GD655-3EO","SAA6D114","E#26859153","9009LF","977KPW","3750KF+3610KF","195NL","HYD欄「195NL,」の後ろに淡色の純正番号表記：M=714-07-28710? と読める（判読不確実・原本確認）"
"21","モータグレーダ","GD675-6","SAA6D107","","207N-6","494KPW","3750KF+3610KF","T=712H,エアコン170-230AC",""
"21","モータグレーダ","GD705R-1","NH-220-CI","#2052~","192N+5300N","490N","590","1221-2×2,T=191AN",""
"21","モータグレーダ","GD705R-1A","NTO-6-CI","#2052~","192N+5300N+527K","495B","590","",""
"21","モータグレーダ","GD705A-3A","NH-220-CI","#10002~","150K+5300N+527K","495B","165FN×2","110-440T=191AN",""
"21","モータグレーダ","GD705A-4A","S6D125","#11001~","150K+5300N+527K","495B","165FN×2","110-440T=191AN",""
"21","モータグレーダ","GD705A-4AE","S6D125","#13001~","150K+527K","495B","165FN","195N,T=191AN",""
"21","モータグレーダ","GD755-3","SAA6D125","#30001~","150KN","977KPW","3510KF","110-100",""
"21","モータグレーダ","GD755-5","","","150KN","977KPW","","H=110-100","FUEL欄に淡色の純正番号表記あり：600-319-3550+4540? と読める（判読不確実・原本確認）"
"21","モータグレーダ","GD805A-1","S6D140","#10002~","150K","492N","150F","T=191AN",""
"21","モータグレーダ","GD825A-2","S6D140","#11001~","150K","492N","150F","110-440,T=1114",""
"21","モータグレーダ","CS210-1","S6D125","#10001~","150K+527K","495B","165FN","110-440","原本で同一内容の行が2行記載"
"21","モータグレーダ","CS360(-1)","NTA-855","#10003~","150K+5300N","492N","165FN","195N",""
"21","モータグレーダ","CS360(SD)-2","S6D140","#11001~","150K+527K","496W","150F","110-440",""
"21","モータグレーダ","GS360SD-2","S6D140","#12000~","150K+527K","496W","150F","110-440",""
"21","モータグレーダ","CS360(SD)-2(A)","SA6D140","#11087~11093","150KN","496PW","3510KF","110-440",""
"21","モータグレーダ","CS360(SD)-2(A)","SA6D140","#11094~","150KN","496PW","3550KF","110-440",""
"21","モータグレーダ","CS360(SD)-2(A)","SA6D140","E#114421~","150KN","496PW","3520KF","110-440",""
"21","モータグレーダ","GC50-1(A)","S3D84","#1001~","106S","","50-90","","AIR欄に淡色の純正番号 YMX8727070000?、HYD欄に 26A-60-16540? と読める表記あり（判読不確実・原本確認）"
"21","モータグレーダ","GC380(F)-1(A)","S6D140","#10001~10025","150K","496W","150F","110-440",""
"21","モータグレーダ","GC380-2","SA6D140","#12001~","150K×2","496W","150F","110-440,1222×3",""
"21","モータグレーダ","GC380-2","SA6D140","E#110003~","150KN+527KH","977KPW","3510KF","HST=1222N",""
"21","モータグレーダ","GH320-2","SA6D125","#11001~12000","150K+5300N","495B","165FN×2","195N,T=191AN",""
"21","モータグレーダ","GH320-2E","SA6D125","#12001~","150K","","165FN","195N,T=191AN","AIR欄は淡色の純正番号表記：516-02-00010→516-02-00020? と読める（判読不確実・原本確認）"
"21","ダンプトラック","HD180-4","NTO-6B","E#133388-148462","192N","","590","","AIR欄に淡色の純正番号「6655-81-7012 #510~955」、HYD欄に淡色の「287-16-11510,T=1221-2」と読める表記あり（判読不確実・原本確認）"
"21","ダンプトラック","HD180-4","NTO-6B","E#148463~","150K+5300N+527K","495B#956~","165FN","","HYD欄に淡色の「287-16-11510,T=1221-2」と読める表記あり（判読不確実・原本確認）"
"21","ダンプトラック","HD200-2","NTC-743","E#125628~147773","192N","","590","","AIR欄に淡色の純正番号「6685-81-7012 #1002~1040」、HYD欄に淡色の「287-16-11510,T=287-16-11510,S=1221-2」と読める表記あり（判読不確実・原本確認）"
"21","ダンプトラック","HD200-2","NTC-743","E#147774~","150K+5300N+527K","495B#1041~","165FN","","HYD欄に淡色の「287-16-11510,T=287-16-11510,S=1221-2」と読める表記あり（判読不確実・原本確認）"
"21","ダンプトラック","HD200D-3","S6D125-1L","#1001~","150K+527K","495B","165FN","150-300",""
"21","ダンプトラック","HD205-3","S6D125-1R","#1003~","150K","495B","165FN","HYD,T=150-300",""
"22","ダンプトラック","HD255-5","SA6D125E-2G","#1001~","150K","495B","165FN","HYD,T=150-300",""
"22","ダンプトラック","HD255-5","SAA6D125E-3","#1601~","150KN","495B","600-319-3310","T=1114,HYD,T=150-300",""
"22","ダンプトラック","HD285TN-5A","SA6D128E-2","#1201~","150KC=527KQ","491BW","165FN","T=1114,HYD,T=150-300",""
"22","ダンプトラック","HD285TN-5B","SAA6D128E-3","#1301~","150KN","","","T=1114,HYD,T=150-300","AIR欄・FUEL欄に淡色の純正番号表記あり：AIR 561-02-00010? ／FUEL 600-319-3440 と読める（判読不確実・原本確認）"
"22","ダンプトラック","HD320-3","NAT-855","#169352~180719","150K+5300N+527K","495B×2","165FN×2","150-300,T=150-300×2",""
"22","ダンプトラック","HD320-3","NAT-855","#180720~","150K+5300N+527KH","495B×2","165FN×2","150-300,T=150-300×2",""
"22","ダンプトラック","HD325-2","","","150K×2+5300N","495B","165FN","195N",""
"22","ダンプトラック","HD325-3","KT-1150","#1501~","150K×2+5300N+527K","495B×2","165FN×2","150-300T=150-300×2",""
"22","ダンプトラック","HD325-5","SA6D140","#2001~","150K","495B×2","150F","150-300",""
"22","ダンプトラック","HD325-6","SA6D140","E#17739~","150K×2","495B×2","150F","150-300×3",""
"22","ダンプトラック","HD325-6","SA6D140","E#22653~","150K×2","495BNTW×2","150F","150-300×3",""
"22","ダンプトラック","HD325-6","SA6D140","E#110003~","150KN","977KPW","","150-300+150-450","FUEL欄に淡色の純正番号表記あり：600-311-7550 と読める（判読不確実・原本確認）"
"22","ダンプトラック","HD325-7","SAA6D140","","150KN×2","977KPW","3550KF","",""
"22","ダンプトラック","HD405-6","SAA6D140","#1001~1999","150K×2","495BNTW×2","150F","150-300×3",""
"22","ダンプトラック","HD405-6","SAA6D140","#2001~","150KN","977KPW","150F","150-300+150-450",""
"22","ダンプトラック","HD405-7","SAA6D140","#3001~","150KN×2","977KPW","3550KF","",""
"22","ダンプトラック","HD405-8","SAA6D140","#50001~","150KN×2","496PW","3840KF+4800KF","150-200N",""
"22","ダンプトラック","HD465","SAA6D170","","","","","",""
"22","ダンプトラック","HD465-2","VTA-1710","#1102~","150K×3+5300N×2","496W×2","","150-300T=150-300…","FUEL欄は淡色表記「CUFF-202×2」。HYD欄の末尾が綴じ目で欠け（原本確認）"
"22","ダンプトラック","HD465-3","SA6D170","#2001~","150K×2","496W×2","165FN×3","150-300,T=150-300…","HYD欄の末尾が綴じ目で欠け（原本確認）"
"22","ダンプトラック","HD465-5","SA6D170","#4001~4406","150K×2","491BW×2","165FN×3","150-450×2T=1114…","HYD欄の末尾が綴じ目で欠け（原本確認）"
"22","ダンプトラック","HD465-5","SAA6D170","#4407~","151KB","491BW×2","165FN×3","150-450×2T=1114…","HYD欄の末尾が綴じ目で欠け（原本確認）"
"22","ダンプトラック","HD605-5","SAA6D170","#1001~","","","","",""
"22","ダンプトラック","HD605","SAA6D170","","","","","",""
"22","ダンプトラック","HD605-10E1","","","","","","",""
"22","ダンプトラック","HD680-2","VTA-1710","#430077-467000","5300N","492N×2","","150-300×2,T=150-300","OIL欄は「6710-58-5101×3+5300N」（前半は淡色の純正番号）。FUEL欄は淡色表記「CUFF-108」（原本確認）"
"22","ダンプトラック","HD680-2","VTA-1710","#467001-669061","150K×3+5300N+527K","","","150-300×2,T=150-300","FUEL欄は淡色表記「CUFF-108」（原本確認）"
"22","ダンプトラック","HD680-2","VTA-1710","#669062~","150K×3+5300N+527K","","165FN","150-300×2,T=150-300",""
"22","ダンプトラック","HD785-2","SA8V170","#1002~","150K×3","496W×3","150F×2","H,T=150-450",""
"22","ダンプトラック","HD785-3","SA12V140","#2001~","150K×4","491BW×3","150F×2","150-450×3",""
"22","ダンプトラック","HD985-3","SA12V140","#1001~","151KB","","","T=1114×4",""
"22","ダンプトラック","HD785-5","SA12V140","","150K×4","491BW×3","150F×2","150-450×3",""
"22","ダンプトラック","HD785","SAA12V140","","","","","",""
"22","ダンプトラック","HD1200(M)-1","SA12V170","","150K×4","","","","FUEL欄は淡色表記「CUFF-202」（原本確認）"
"22","ダンプトラック","HD1500-8","","","","","","",""
"22","ダンプトラック","730E","SSA16V159","","","","","",""
"22","ダンプトラック","960E","SSDA18V170","","","","","",""
"22","エアーコンプレッサー","EC15SSB-5·6","D722","","203C","KGA-50","30-85","103SS",""
"23","エアーコンプレッサー","EC20SSB-5·6","D905","","203","836FR/836P","532-85","",""
"23","エアーコンプレッサー","EC20Z-1","3KC1","#1001~","203","","532N","C.O=103-3,C.A=839N","AIR欄に淡色の純正番号表記あり（判読困難・原本確認）"
"23","エアーコンプレッサー","EC25Z,ZS-1","2D94","#1001~","103-3×2","823NH","500E","",""
"23","エアーコンプレッサー","EC25SSB-3","3KC1","","203","837NR","532-65","",""
"23","エアーコンプレッサー","EC25SSB-5,-6","3LB1","","203","836P/839P","532-85","103SS",""
"23","エアーコンプレッサー","EC25SSB-5","D1005","","203","836FR/836P","50-90/532-85","103SS","FUEL欄に原本で「要確認」の注記あり"
"23","エアーコンプレッサー","EC35Z,ZS-1","3D94","#1001~","103-3","836N","516KH","C.O=165K,C.A=845",""
"23","エアーコンプレッサー","EC35Z,ZS-2","3D95S","#3001~","101SK","","500E","","HYD欄に淡色の表記あり（判読困難・原本確認）"
"23","エアーコンプレッサー","EC35ZSB-2","3D95S","#1001~","103-3","823NHA","516KH","","HYD欄に淡色の表記あり（判読困難・原本確認）"
"23","エアーコンプレッサー","EC35SSB","3KR1","","203(C)","837NR","532-85","C.O=165KB,C.A=836N",""
"23","エアーコンプレッサー","EC35SSB-5,6","3LD1","","203","823P","532-85","C.O=207HS",""
"23","エアーコンプレッサー","EC35SS-5","3LD1","","203","823P","532-85","C.O=207HS",""
"23","エアーコンプレッサー","EC35SSB-7","","","","","","",""
"23","エアーコンプレッサー","EC50SSB","3LD1","","203","823P/810P/836FR","532-85","C.O=207HS",""
"23","エアーコンプレッサー","EC50Z,ZS-1","4D92","#1001~","6141-55-5120","823N","516B","C.A=823N",""
"23","エアーコンプレッサー","EC50Z-2","4D94","#10001~340878","103-3","457","516KH","C.A=823N","シリアルは原本の印字どおり「#10001~340878」"
"23","エアーコンプレッサー","EC50Z-2","4D94","#34079~","103-3","460NN","516KH","C.A=823N",""
"23","エアーコンプレッサー","EC50ZS-2","4D94","#1001~33341","103-3","457","516KH","C.A=823N",""
"23","エアーコンプレッサー","EC50ZS-2","4D94","#33342~","103-3","460NN","516KH","C.A=823N",""
"23","エアーコンプレッサー","EC50Z,ZS-3","4D94","#10001~","103-3","460NN","516KH","C.O=165K",""
"23","エアーコンプレッサー","EC50Z,ZS(B)-5","4D95","#20001~","103-3N","494K","516KH","C.O=165K",""
"23","エアーコンプレッサー","EC75Z,ZS-1","4D105","#1001~","103-3N","845","101K","C.A=460NN",""
"23","エアーコンプレッサー","EC75Z,ZS-2","4D105","#2001~","103-3","490NN","516KH","C.O=165K",""
"23","エアーコンプレッサー","EC75Z,ZS-2","4D95","#3001~","103-3N","490NN","516KH","C.O=165K",""
"23","エアーコンプレッサー","EC75Z-3","","#3001~","103-3N","490N","516KH","C.O=165K","AIR欄に原本で「要確認」の注記あり"
"23","エアーコンプレッサー","EC105Z,ZS-1","S4D105","#1001~","165K","815NN","516KH","C.O=165K,C.A=460NN",""
"23","エアーコンプレッサー","EC170Z,ZS-1","S6D105","#1001~","165K","815NN","101K","C.O=?,C.A=460NN",""
"23","エアーコンプレッサー","EC210Z-1","SA6D110","#1001~","165K","495B×2","165FN","",""
"23","エアーコンプレッサー","EC210SS-2","H07C","","122KDT","818NS","540×2","C.O=150KBH,C.A=491BW",""
"23","エアーコンプレッサー","EC210SS-2","H07C","#3704570~","122KDT","494KPWA","540×2","C.O=150KBH,C.A=491BW",""
"23","エアーコンプレッサー","EC260Z-1","S6D125","#1001~","150K","495B","165FN","C.O=?,C.A=460NN",""
"23","ディーゼル発電機","EG13BS-2","3TNE82A","","203S","838N","532-85","",""
"23","ディーゼル発電機","EG15BS-2","3TNE88","","203S","KGA-50","50-90","",""
"23","ディーゼル発電機","EG15BS-3","2D94","#20004~","103-3","839N","500E","",""
"23","ディーゼル発電機","EG15BS-3","2D94","#25651~","103-3","839N","","","FUEL欄に淡色の純正番号表記あり：6143-72-8720? と読める（判読不確実・原本確認）"
"23","ディーゼル発電機","EG20BS-2","4TNE88","","203S","KGA-50","50-90","",""
"23","ディーゼル発電機","EG25BS-1","C240","","200DH","837N","516KH","",""
"23","ディーゼル発電機","EG30(S)-1","4D92","#1001~","103-3+227NP","","516B","","AIR欄に淡色の純正番号表記あり：6141-85-7210? と読める（判読不確実・原本確認）"
"24","ディーゼル発電機","EG30S-3","4D92","E#10008~37316","103-3","457","516KH","",""
"24","ディーゼル発電機","EG30S-3","4D92","E#37317~","103-3","836NW","516KH","",""
"24","ディーゼル発電機","EG33B,BS-1","4D95","#4001~","103-3N","836N","516KH","",""
"24","ディーゼル発電機","EG35BS","4JG2","","106DS","837NR","516KH","",""
"24","ディーゼル発電機","EG40B,BS-1","4D95","#4001~","103-3N","836N","516KH","",""
"24","ディーゼル発電機","EG45BS-1","4BG1","","338NW","836N","109HFS/109HFN","",""
"24","ディーゼル発電機","EG45BS-2","4JG1","","106DS","839P","491F","",""
"24","ディーゼル発電機","EG55S-2","4D105-5","E#103958~","165K","823NH","516KH","",""
"24","ディーゼル発電機","EG55S-2","4D105-5","E#160747~","165K","836NWA","516KH","",""
"24","ディーゼル発電機","EG60B,BS-1","6D95L-1","#4001~","103-3","823NHA","516KH","",""
"24","ディーゼル発電機","EG60BS-2","6BG1","","121","823N","540/109HFN","",""
"24","ディーゼル発電機","EG75BS-1","6BG1","","121","823N","540/109HFN","","原本では「121／823N／540/109HFN」がSERIAL〜AIR欄に1列ずれて印字（列を補正して収録・原本確認）"
"24","ディーゼル発電機","EG85B,BS-1","S6D95","#4001~","103-3","823NHA","516KH","",""
"24","ディーゼル発電機","EG90BS-2","J08C","","120KD","815NNA","109HFN","",""
"24","ディーゼル発電機","EG95BS-1","S6D102","#6001~","207N-6","810TW","201-3","C=527K",""
"24","ディーゼル発電機","EG100S-2","S6D105","","165K","815NN","165FN","",""
"24","ディーゼル発電機","EG125B,BS-2","S6D105","#4001~","165K","815NN","165FN","",""
"24","ディーゼル発電機","EG125B,BS-2E","SA6D102","#5001~","207N-6","810TW","201-3","C=527K",""
"24","ディーゼル発電機","EG125BS-3","SAA6D102","#3776115","207N-6","810T","201-3","",""
"24","ディーゼル発電機","EG150BS-5","SA6D110","#50001~55187","165K","460NN","165FN","",""
"24","ディーゼル発電機","EG150BS-5","SA6D110","#55188~","165K","460NNA","165FN","",""
"24","ディーゼル発電機","EG150BS-5","S6D108","","165K","815NTW","165FN","150-450",""
"24","ディーゼル発電機","EG220B-1,2","S6D125","#20105~31491","150K","495B","165FN","C=527K",""
"24","ディーゼル発電機","EG220B-1,2","S6D125","#31492~","150K","495BA","165FN","C=527K",""
"24","ディーゼル発電機","EG220BS-1,2","S6D125","#20105~31491","150K","495B","165FN×2","C=527K",""
"24","ディーゼル発電機","EG220BS-1,2","S6D125","#31492~","150K","495BA","165FN×2","C=527K",""
"24","ディーゼル発電機","EG220BS-2","S6D125","","150K","495B","165FN","","HYD欄に淡色の純正番号表記あり：208-60-61150 と読める（原本確認）"
"24","ディーゼル発電機","EG275B-1,2","SA6D125","#20105~31491","150K","495B","165FN","C=527K",""
"24","ディーゼル発電機","EG275B-1,2","SA6D125","#31492~","150K","495BA","165FN","C=527K",""
"24","ディーゼル発電機","EG275BS-1,2","SA6D125","#20105~31491","150K","495B","165FN×2","C=527K",""
"24","ディーゼル発電機","EG275BS-1,2","SA6D125","#31492~","150K","495BA","165FN×2","C=527K",""
"24","ディーゼル発電機","EG300B-3","S6D155","#4001~","150K×2+5300N","491NN","165FN×2","C=527K",""
"24","ディーゼル発電機","EG300B,BS-5","S6D140","#4001~","150K","491NNA","150F","C=527K",""
"24","ディーゼル発電機","EG300BS-5","SA6D125","","150K","495B","165F","","HYD欄に淡色の純正番号表記あり：208-60-61150 と読める（原本確認）"
"24","ディーゼル発電機","EG350B-1","S6D155","#4001~","150K×2+5300N","491NN","165FN×2","C=527K×2",""
"24","ディーゼル発電機","EG380B,BS-5","SA6D140","#4501~","150K","491NNA","150F","C=527K",""
"24","ディーゼル発電機","EG400B,BS-2","SA6D140","#1001~","150K","491NNA","150F","",""
"24","ディーゼル発電機","EG480B-1","SA6D170","#11452~11789","150K×2","495B×2","165FN×2","",""
"24","ディーゼル発電機","EG480B-1","SA6D170","#117900~","150K×2","495BA","165FN×2","",""
"24","ディーゼル発電機","EG500BS-1","SA6D170","","150K×2","495B×2","165FN×2","",""
"25","振動ローラ","CP3DLD,LLD","","","","","","",""
"25","振動ローラ","CP6DD","NFA70","","","","","",""
"25","振動ローラ","JV06H-3","NFAD6","#5001~","","YMA-1","30-85N","",""
"25","振動ローラ","JV07H-3","NFAD6","#1001~","","YMA-1","30-85N","",""
"25","振動ローラ","JV08H-3","NFAD8","#5001~","","YMA-2(廃版)","30-85N","",""
"25","振動ローラ","JV16-1","","#1001~","","E60N","","",""
"25","振動ローラ","JV25CM,DW,W","CD84N","","","","","",""
"25","振動ローラ","JV25CW-2","3D84E","#1201~","106S","837N","50-90","",""
"25","振動ローラ","JV25DW-2","3D84E","#1201~","106S","837N","50-90","",""
"25","振動ローラ","JV25W-2","3D84E","#5201~","106S","837N","50-90","",""
"25","振動ローラ","JV25CR-5","3D78N","","106S","837N","50-90","",""
"25","振動ローラ","JV25CR-6","3D78N","","106S","837N","50-90","",""
"25","振動ローラ","JV25CR-7","3D78E","#7201~","106S/203","837N","532-85","",""
"25","振動ローラ","JV32W-2","","#2501~","","838N","30-85","","OIL欄に淡色の純正番号表記あり：2691-8-37310? と読める（判読不確実・原本確認）"
"25","振動ローラ","JV33-2","","","204Y","837N","","","FUEL欄・HYD欄は淡色の純正番号表記：FUEL 258-70-17620? ／HYD 257-60-12310? と読める（判読不確実・原本確認）"
"25","振動ローラ","JV40C","D1402","","103N-1","837N","564KSN","505C(ダンパ)",""
"25","振動ローラ","JV40C(CR)-2A","3D84N","","106S","837N","50-90","",""
"25","振動ローラ","JV40CW-2A","3D84N","","106S","837N","50-90","",""
"25","振動ローラ","JV40CW-2A","3D84N","#58590~","203C","837N","50-90","",""
"25","振動ローラ","JV40CW-3","3D84N","#5001~","106S","837N","532-85","",""
"25","振動ローラ","JV40CW-3","3D84E","#5301~","106S","837N","50-90","",""
"25","振動ローラ","JV40DW-3","3D84N","#5001~","106S","837N","532-85","",""
"25","振動ローラ","JV40DW-3","3D84E","#5101~","106S","837N","50-90","",""
"25","振動ローラ","JV40C(D)W-5EO","3D84E","#6001~","203C","837P","107SF","","HYD欄に淡色の純正番号表記あり：278-60-15270? と読める（判読不確実・原本確認）"
"25","振動ローラ","JV40CW-5EO","3D84E-3Q","#6001~","203","837P","50-90+563F","","HYD欄に淡色の純正番号表記あり：278-60-15270? と読める（判読不確実・原本確認）"
"25","振動ローラ","JV40CW-5EO","3D84E-5N","#6001~","","","107SF","",""
"25","振動ローラ","JV70DW-1","S4D95","#10001~","103-3","","101K","",""
"25","振動ローラ","JV70DW-2","4GB1","#20001~","209S","","516KH","",""
"25","振動ローラ","JV80DW-1","S4D95","#10001~","103-3","823NTW","101K","",""
"25","振動ローラ","JV100A-1","S6D105","#10011~","165K","460NN","101K","1221-2",""
"25","振動ローラ","JV100WA-1","S6D105","#20003~","165K","460NN","101K","1221-2",""
"25","振動ローラ","JV100WA-2","S6D102","#21001~","207N-6","494KW","201-3","",""
"25","振動ローラ","JV100WP-1","S6D105","#30003~","165K","460NN","101K","1221-2",""
"25","振動ローラ","JV100WP-2","S6D102","#21001~","207N-6","494KW","201-3","",""
"25","振動ローラ","JV130WH-1","S6D102","#21001~","207N-6","494KW","201-3","",""
"25","振動ローラ","JM120","4BD1","E#~960840","338N","836NR","570","",""
"25","振動ローラ","JM120","4BD1","E#960841~","209S","836NR","109SFN","",""
"25","振動ローラ","JM120-2","4BG1","#20001~","209S","836NR","516KH","",""
"25","振動ローラ","JM120-3","4BG1","#30001~","209S","836NR","516KH","",""
"26","振動ローラ","JW25W-2","3D84E","","106S","837N","532-85","","原本は紙面の湾曲が大きく、行の対応は罫線追跡で確認"
"26","振動ローラ","JW30-1(-2)","3D78AE-3B","#2001~","106S","837N","532-85","",""
"26","振動ローラ","JW33-1","2D94","","103-3","839N","500E","","エンジン欄は原本で「2DS4」のようにかすれて印字（2D94 と判断）"
"26","振動ローラ","JW33-2","D1402","","200S","837N","564KSN","",""
"26","振動ローラ","JW40CW-3E","3D84E","","106S","837N","532-85","",""
"26","振動ローラ","JW200","6BD1","#10001~","121","823N","540","",""
"26","振動ローラ","JW200-2","6BG1","#20001~","121CHD","823N","109HFN","","HYD欄に淡色の純正番号表記あり（判読困難・原本確認）"
"26","振動ローラ","JW200T-1","6BG1","#20001~","121CHD","823N","109HFN","","HYD欄に淡色の純正番号表記あり（判読困難・原本確認）"
"26","振動ローラ","JW210","6BD1","#10001~","121","823NR","540","",""
"26","振動ローラ","JW210-2","6BG1","#20001~","121CHD","823N","109HFN","","HYD欄に淡色の純正番号表記あり（判読困難・原本確認）"
"26","振動ローラ","JW215","6BG1","#10001~","121CHD","823P","109HFN","",""
"26","振動ローラ","JW215-1","6BG1","#20001~","121CHD","823P","109HFN","",""
"26","振動ローラ","SE23","K3F","","","","","",""
"26","モービルクラッシャー","BZ40","4D84E","","","","","",""
"26","モービルクラッシャー","BZ120","SA6D125","","103-6","810TW","201-3","195N",""
"26","モービルクラッシャー","BZ200","S6D102","","207N-6","494KW","201-3","150-450",""
"26","モービルクラッシャー","BZ210","SAA6D102","","207N-6","809PW","201-3","150-200",""
"26","モービルクラッシャー","BR60","4D95L","","103-3N","836T","516KH×2","1222",""
"26","モービルクラッシャー","BR80T-1","SAA4D102","","103-6","823NHPWA","201-3","110-100",""
"26","モービルクラッシャー","BR100J,R,JG-1","4D95","#1002~","103-3","836T","516KH","1222",""
"26","モービルクラッシャー","BR100J,R,JG-1","4D102","#1101~","103-3","823NTW","201-3","1222",""
"26","モービルクラッシャー","BR100JG-2","4D95","#1301~","205SK","823P","516KH","1222",""
"26","モービルクラッシャー","BR120T-1","SAA6D102","","207N-6","494KPW","201-3","150-450",""
"26","モービルクラッシャー","BR200J-1","S6D95","#1201~","103-3","810TW","101K","150-450",""
"26","モービルクラッシャー","BR200S-1","S6D95","#1001~","103-3","810TW","101K","150-450",""
"26","モービルクラッシャー","BR200S-1","SA6D102","#1101~","207N-6","494KW","201-3","150-450",""
"26","モービルクラッシャー","BR200R-1","S6D95","#1002~","103-3","810TW","101K","150-450",""
"26","モービルクラッシャー","BR200T-2","","","150K","495B","165FNS","150-200",""
"26","モービルクラッシャー","BR200T-3","SAA6D125","#3001~","150KN","496PW","3840KF+600-319-4800","150-200N","FUEL欄の「600-319-4800」は淡色の純正番号表記"
"26","モービルクラッシャー","BR210JG-1","SA6D102","#1002~","207N-6","494KW","201-3","150-450",""
"26","モービルクラッシャー","BR210(200)T-1","SA6D125","#1101~","150K","495B","165FNS","178-450(L)",""
"26","モービルクラッシャー","BR250RG-1","SA6D102","#1101~","207N-6","494KW","201-3","150-450",""
"26","モービルクラッシャー","BR300J-1","SA6D95","#1001~","103-3","810TW","101K","150-450",""
"26","モービルクラッシャー","BR300S-1","SAA6D108","#1001~","165K","815NTW","165FN","150-450",""
"26","モービルクラッシャー","BR300S-1,2","SAA6D102","#2001~","207N-6","494KPW","201-3","150-200",""
"26","モービルクラッシャー","BR310JG-1","SA6D95","#1002~","103-3","810TW","101K","150-450",""
"26","モービルクラッシャー","BR350JG-1","SA6D102","#1005~","207N-6","494KW","201-3","150-450",""
"26","モービルクラッシャー","BR380JB(G)","SAA6D102","#1001~","207N-6","494KPW","201-3","150-200",""
"26","モービルクラッシャー","BR380JB(G)-1EO","SAA6D107","#2001~","207N-6","977KPW","600-319-3750+3610KF","150-200","FUEL欄の「600-319-3750」は淡色の純正番号表記"
"27","モービルクラッシャー","BR380JB(G)-3","SAA6D107","","207N-6","977KPW","3750KF+3610KF","150-200+49-23AB",""
"27","モービルクラッシャー","BR480RG","SAA6D125","#1001~","150K","495B","165FNS","",""
"27","モービルクラッシャー","BR500JG-1","SA6D125","#1002~","150K","495B","165FNS","178-450",""
"27","モービルクラッシャー","BR550JG","SAA6D125","#1001~","150K+151KB","495B","165FNS","178-450",""
"27","モービルクラッシャー","BR580JG-1","SAA6D125","","","","","",""
"27","モービルクラッシャー","BR1000JG-1","SAA6D140","#~114574","150KN","496PW","3510KF","",""
"27","モービルクラッシャー","BR1000JG-1","SAA6D140","#114575~","150KN","496PW","3550KF","",""
"27","小松クレーン","LC383","3D84","","","","","",""
"27","小松クレーン","LC383-5","3D88E","","203","837P","107SF","1222",""
"27","小松クレーン","LC503","4D88E","","","","","",""
"27","小松クレーン","LC603","4D95L","","","","","",""
"27","小松クレーン","LC605(-2)","4D95L","","","","","",""
"27","小松クレーン","LC755-2","4D95L","","103-3","836T","516KH","",""
"27","小松クレーン","LC755-3","4D102","~E#26231194","","836T","201-3","","OIL欄は淡色の純正番号表記：6732-51-5310? と読める（判読不確実）。HYD欄に淡色の純正番号表記あり（判読困難・原本確認）"
"27","小松クレーン","LC755-3","4D102","E#26231195~","103-6","836T","201-3","","HYD欄に淡色の純正番号表記あり（判読困難・原本確認）"
"27","小松クレーン","LC785","S4D95","","205SK","836T/836P","516KH","","HYD欄に淡色の表記あり（判読困難・原本確認）"
"27","小松クレーン","LC785-6","S4D95","#15001~","205SK","836P","516KH","","HYD欄に淡色の純正番号表記あり（判読困難・原本確認）"
"27","小松クレーン","LC785M-6","","","205SK","836P","516KH","207HS+CS-190W+317HS",""
"27","小松クレーン","LC785M-8","","","205SK","839PW","3530KF+4110KF","",""
"27","小松クレーン","LC785M-8","","","205SK","839PW","3870KF+4110KF","",""
"27","小松クレーン","LC1285","S4D102","","103-6","823NTW","201-3","",""
"27","小松クレーン","LC1383-1","","","","823PW","","",""
"27","小松クレーン","LC1385","S4D102","","103-6","823PW","201-3","",""
"27","小松クレーン","LC1385","S4D102","旧タイプ","103-6","823NTW","201-3","",""
"27","小松クレーン","LC1385-2","SAA4D102","","103-6","823NHPW","201-3","195N",""
"27","小松クレーン","LC1385M-8","SAA4D95","","205SK","823PW","3530KF+4110KF","",""
"27","小松クレーン","LC1385M-8","SAA4D95","E#8111~","205SK","823PW","3870KF+4110KF","",""
"27","小松クレーン","CC1485S-1","","","206I","839PW","529NPF+323PLH","CSP10L-30",""
"27","ラフテレーンクレーン","LW80-1H","S6D95","#10001~","103-3","810TW","101K","",""
"27","ラフテレーンクレーン","LW80-1X","S6D95","#18001~","103-3","810TW","101K","",""
"27","ラフテレーンクレーン","LW100-1","S6D95","#10001~","103-3","810T(W)","101K","",""
"27","ラフテレーンクレーン","LW100-1E","SAA6D95","","103-3","810T(W)","101K","",""
"27","ラフテレーンクレーン","LW200L-1","S6D105","#1001~","165K","495B","101K","150-450,T=1114",""
"27","ラフテレーンクレーン","LW250-1","S6D125","","150K","490NA","165FN","150-450",""
"27","ラフテレーンクレーン","LW250-2X,H","S6D125","#10001~","150K+527K","490NA","165FN","150-450",""
"27","ラフテレーンクレーン","LW250-3H,X","S6D125","#20001~","150K","490NA","165FN","150-450,T=1114",""
"27","ラフテレーンクレーン","LW250-5X,H","S6D125","#50001~","150K+527K","815NTWA","165FN","150-450,T=1114/712H",""
"27","ラフテレーンクレーン","LW500-1H","S6D140","#10001~","150K","495BA","150F","T=1114",""
"28","オールテレーンクレーン","KMK4080","","","","","","",""
"28","オールテレーンクレーン","KMK4100","","","","","","",""
"28","オールテレーンクレーン","KMK6200","","","","","","",""
"28","リーチタワークレーン","LT300-1H","S6D95","#20005~","103-3","810TW","101K","",""
"28","リーチタワークレーン","LT300-2H","S6D95","#21001~","103-3","810TWA","101K","T=11…","HYD欄の末尾が綴じ目で欠け（原本確認）"
"28","リーチタワークレーン","LT500-1H","S6D125","#30003~","150K","490NA","165FN","150-450,T=…","HYD欄の末尾が綴じ目で欠け（原本確認）"
"28","リーチタワークレーン","LT500-1H","S6D125","E#60053~","150K","815NTWA","165FN","150-450,T=…","HYD欄の末尾が綴じ目で欠け（原本確認）"
"28","ウイング","WING100-1H,X","S6D95","#10001~","103-3","810TW","101K","T=1114","HYD欄は綴じ目付近の小文字（判読やや不確実）"
"28","ウイング","WING250-5H,X","S6D125","#50001~","","","","",""
"28","ウイング","WING500-1H","S6D140","#10001~","150K","495BA","150F","T=1114","HYD欄は綴じ目付近の小文字（判読やや不確実）"
"28","クローラードリル","KHCD650(C)","BF6L913","","","","","",""
"28","クローラードリル","KHCD850C","H06C","","","","","",""
"28","ヘラクレス","CT60","3D84E","","","","","",""
"28","ヘラクレス","KDG3000E","","","","121SA","","",""
"28","ヘラクレス","KDG3000E,EL","","","","121SA","","",""
"28","ヘラクレス","KCR1000C","S6D125","","","","","",""
"28","ヘラクレス","WF350","6D110","","","","","",""
"28","ヘラクレス","WF450T","S6D125","","150K","495BNTW","165FN","H=150-300,T…","HYD欄の末尾が綴じ目で欠け（原本確認）"
"28","ヘラクレス","WF600T","","","150K+527KS","492N","150F","150-300×2,T…","HYD欄の末尾が綴じ目で欠け（原本確認）"
"28","ヘラクレス","SR200","","","203S","838P","532-85","",""
"28","ヘラクレス","SR3000","3D84E","","203","837P","107SF","563W?","HYD欄は小文字で「563WS」または「563W6」のように見える（判読不確実・原本確認）"
"28","ヘラクレス","ZC01-1A","GX160K","","","HD17210ZE1822","","","AIR欄は淡色の純正番号表記。HYD欄にも淡色の純正番号表記あり：214-52…（判読困難・原本確認）"
"28","ヘラクレス","ZC02-1A","1D75","#10001~","114250-36070","121SA(-O)","114350-55120","203H","OIL欄・FUEL欄は淡色の純正番号表記"
"28","ヘラクレス","ZC03-1","1D84","","","","","",""
"28","ヘラクレス","ZC03-2","GX160K","","","","","",""
"28","ヘラクレス","ZC03-2F","2D68","","203S","838N","532-85","203H",""
"28","ヘラクレス","ZHM1700","3D88","","203","837N","50-90","103K",""
"28","ヘラクレス","CB4410","","","","","","",""
"28","ヘラクレス","JP45-2","EY08D","","","","","",""
"28","ヘラクレス","JP60-2","EY15D","","","","","",""
"28","ヘラクレス","JP70-5","EY15D","","","","","",""
"28","ヘラクレス","JP80-5","EY20D","","","","","",""
"28","クローラキャリア","CD10R","V2203KA","","","","","",""
"28","クローラキャリア","CD10R-1","3D68E","#1027~","203S","838P","532-85+563F","",""
"29","クローラキャリア","CD20R","","","","","","",""
"29","クローラキャリア","CD20R-1","3D82","#1003~","203","837P","532-85+563F","1222",""
"29","クローラキャリア","CD25-1,-2","2T75","","108","838N","532-85","",""
"29","クローラキャリア","CD28","3D75","","108","837N-190","532-85","",""
"29","クローラキャリア","CD30R-1","V2203","","108","837N-190","532-85","",""
"29","クローラキャリア","CD30R-1","4D88E","#1061~","106S","837P","50-90","1222N",""
"29","クローラキャリア","CD40R","4D105","","103-3","823NHA","101K","121CG",""
"29","クローラキャリア","CD60R-1","S4D105","#1002~","103-3","450NN","101K","121CG",""
"29","クローラキャリア","CD60R-1","S6D95","#1033~","103-3N","494KW","516KH","1222L,1114",""
"29","クローラキャリア","CD60R-1","S6D102","#1081~","207N-6","494KWA","201-3","1222L,1114",""
"29","クローラキャリア","CD60R-1","3D68","","203S","838P","532-85","",""
"29","クローラキャリア","CD60R-3","SAA4D107","","","","","",""
"29","クローラキャリア","CD110R","SAA6D108","#1061~","165K","815NTW","165FN","150-450",""
"29","クローラキャリア","CD110R-2","SAA6D114","#1501~","9009LF","977KPW","165FNS","110-100,1114",""
"29","クローラキャリア","CD110R-3","SAA6D107","#2001~","207N-6","977KPW","3610KF+3750KF","110-100N",""
"29","クローラキャリア","HA250-3","S6D125","","","","","",""
"29","クローラキャリア","HA270-3","S6D125","","","","","",""
"29","クローラキャリア","NF40W","BD30","","103C","","516F","",""
"29","クローラキャリア","NFB63W","4BD1","","209S","","516KH","",""
"29","クローラキャリア","LG90-1","4D95","#40373~","103-3N","836T","516KH","1222",""
"29","クローラキャリア","PG15SVE","","","","","","",""
"29","クローラキャリア","PG75","","","203","836T","107SF","1222N",""
"29","クローラキャリア","WT150E","S6D102E-1","","207N-6","494KW","201-3","",""
"29","クローラキャリア","WT250E","","","165K","815NTW","","キャビン150-250AC",""
"29","クローラキャリア","WT500E-1","","","150K","495B","","1222,キャビン150-250AC",""
"29","クローラキャリア","BA70","","","","","","",""
"29","クローラキャリア","BA100","4D95LE-2","","205SK","836N(W)","516KH","1222N",""
"29","クローラキャリア","BA100-2","4D95LE-3D2M","","205SK","836P(W)","516KH","110-100",""
"29","クローラキャリア","BC70","","","","","","",""
"29","モービルスクリーン","BM545S-1","S4D95LE-3","#1101~","205SK","836PW","516KH","110-100",""
"29","モービルスクリーン","BM595F-1","S4D106E-2SFY","","108","823PW","107SFH","",""
"29","モービルスクリーン","BM653F","4D98E","","203","836P","107SF","",""
"29","モービルスクリーン","BM683F","S4D106E-2SFY","","108","823P","107SF","",""
"29","モービルスクリーン","BM883F","S4D106E","","","","","",""
"29","モービルスクリーン","BM2009C-2","S4D95LE","","205SK","823PW","516KH","110-100P",""
"29","アーティキュレートダンプ","HM300-1","SAA6D125E-3","","150KN","496PW","3510KF","H=150-300,T=150-450",""
"29","アーティキュレートダンプ","HM300-1","SAA6D125E-3","E#316114~","150KN","496PW","3550KF","H=150-300,T=150-450",""
"29","アーティキュレートダンプ","HM300-2","SAA6D125E-5","#2001~","150KN","496PW","3550KF×2+4540PF×2","H=150-300,T=150-450",""
"30","アーティキュレートダンプ","HM350-1","SAA6D140E-3A","","150KN","496PW","3510KF","H=150-450,T=150-450×2",""
"30","アーティキュレートダンプ","HM350-1","SAA6D140E-3A","E#114202~","150KN","496PW","3550KF","H=150-450,T=150-450×2",""
"30","アーティキュレートダンプ","HM350-2","SAA6D140E-5","#2001~","150KN×2","496PW","3550KF+4540PF","H=150-450,T=150-45…","HYD欄の末尾が紙端で欠け（原本確認）"
"30","アーティキュレートダンプ","HM400-1","SAA6D140E-3A","","150KN","496PW","3510KF","H=150-450,T=150-450×2",""
"30","アーティキュレートダンプ","HM400-1","SAA6D140E-3A","E#114202~","150KN","496PW","3550KF","H=150-450,T=150-450×2",""
"30","アーティキュレートダンプ","HM400-2","SAA6D140E-5","","150KN×2","496PW","3550KF+4540PF","H=150-450,T=150-4…","HYD欄の末尾が紙端で欠け（原本確認）"
"30","アーティキュレートダンプ","HM400-3","SAA6D140E-6A","#3001~","150KN×4+527KH×2","496PW","3840KF+4800KF","H=150-200N,T=712-…","HYD欄の末尾が紙端で欠け（原本確認）"
"30","アーティキュレートダンプ","HM400-5(HM016)","SAA6D140E-7","#2001~","150KN×2","496PW","3840KF+4800KF","H=150-200N,T=712-…","HYD欄の末尾が紙端で欠け（原本確認）"
"30","アーティキュレートダンプ","H285S","K2000E","","","","","",""
"30","堆肥切り返し専用機","RT3000","","","","","","",""
"30","自走式土質改良機","BZ120-1","S4D102E","#1001~","103-6","810TW","201-3","195N",""
"30","自走式土質改良機","BZ200-1","S6D102E-1","#1006~","207N-6","494KW","201-3","150-450",""
"30","自走式土質改良機","BZ210Gモード","SAA6D102E-2","#1001~","207N-6","809PW","201-3","150-200",""
"30","ウエルダー(溶接機)","KW150C","","","","","","",""
"30","ウエルダー(溶接機)","KW200","2T72HL","","108","838N","532-65","",""
"30","ウエルダー(溶接機)","KW200-3","Z482","","203S","838N","","",""
"30","ウエルダー(溶接機)","KW280B-2","","","203S","KWA300","532-85","",""
"30","ウエルダー(溶接機)","KW300C","3TNE68","","203","838N/KWA300","532-85","838PSN","HYD欄に「838PSN」と印字（原本通り）"
"30","ウエルダー(溶接機)","KW300C","D722KB","","203(S)","838N/KWA300","532-85","838PSN","HYD欄に「838PSN」と印字（原本通り）"
"30","油圧ショベル","LZ600C-1","","","","","","",""
"30","パワースプリッター(割岩専用機)","KW150E","","","","","","",""
"30","コマツ地下建機","TP40SCL-2E","4D88","","","","","",""
"30","コマツ地下建機","TP60S-1E","4D88","","","","","",""
