メーカー,カタログのページ,型式,エンジン,シリアル,オイル,エア,燃料,作動油,ST/サクション,TM/ドレン・パイロット,検証状態
"コマツ","P.1","D21A,P-7T","4D95S","#75001~78603","103-3N","836NR","516KH","33130","","","未確認"
"コマツ","P.3","D50S-15","S4D120","#3689~","191N","460NN","529N","195NT、S=191AN","","","未確認"
"コマツ","P.4","D120·125A-18","NRTO-6-C1","#2501~","192N+5300N+※526","","590","1220,T,S=1220","","","未確認"
"コマツ","P.4","D155X(AX)-3","SA6D140E","#60272~","C=527K","","","チャージバルブ=1222","","","未確認"
"コマツ","P.5","D455-1","VTA-1710","#4033904~755210","…+5300N×2","492N×2","590×2","","","","未確認"
"コマツ","P.7","PC15-1","3D78","#1001~","106S","837N","50-90","1222","","","未確認"
"コマツ","P.8","PC30-6","3D84","#10001~","108","837N","532-85","1222","","","未確認"
"コマツ","P.9","PC50(UU)-1","3D95S","#1001~","101SK","836N","500E","1222","","","未確認"
"コマツ","P.11","PC130-6","S4D102E","#50356~","103-6","810TW","201-3","195N","","","未確認"
"コマツ","P.11","PC138US-2TI","SAA4D95","#4501~","205SK","823PW","516KH","","","","未確認"
"コマツ","P.12","PC202","SAA4D95","E#518283~","205SK","823PW","3870KF+4110KF","110-200","","","未確認"
"コマツ","P.14","PC600,650-7","SA6D140","E#114118~","150KN","496PW","3520KF","","","","未確認"
"コマツ","P.14","PC800-8,850-8","SAA6D140","","150KN×2","496PW","3520KF+4540PF","","","","未確認"
"コマツ","P.15","PC1600-1","S6D140-1×2","#1001~","","492N×2","150F×2","150-450×6+121CG","","","未確認"
"コマツ","P.16","WA105","SAA4D107E","","207N-6","494KPW","201-3","","","","未確認"
"コマツ","P.17","WA380-8","SAA6D107E","","207N-6","494KPW","3750KF+3610KF","110-200N,尿素=529UNF","","","未確認"
"コマツ","P.19","540","SA6D110","#10001~","165K+227N","","165FN","T=1114","","","未確認"
"コマツ","P.19","JH65C","DA640","#1399~","","490NN","","","","","未確認"
"コマツ","P.19","JH65C","DA640","#0003~","","818NS","","","","","未確認"
"コマツ","P.21","HD180-4","NTO-6B","E#133388-148462","192N","","590","","","","未確認"
"コマツ","P.21","HD205-3","S6D125-1R","#1003~","150K","495B","165FN","HYD,T=150-300","","","未確認"
"コマツ","P.23","EC75Z,ZS-2","4D95","#3001~","103-3N","490NN","516KH","C.O=165K","","","未確認"
"コマツ","P.23","EG15BS-2","3TNE88","","203S","KGA-50","50-90","","","","未確認"
"コマツ","P.25","JV25CW-2","3D84E","#1201~","106S","837N","50-90","","","","未確認"
"コマツ","P.26","JW215","6BG1","#10001~","121CHD","823P","109HFN","","","","未確認"
"CAT","P.31","303SR新型","C1.1","","205SK","569-6762+569-6763","156-1200","575-2548","","","未確認"
"CAT","P.33","320C","3066","","196K","822PW","209F","140-420","207HS","4I3948","未確認"
"CAT","P.35","631E","3408","TRC1AB1480~","197K×2","7W5313+6N6444","","193×2","","1210","未確認"
"CAT","P.35","657B","D343","SCR47M,53K","197K×2","977K","207M×2","","","193","未確認"
"CAT","P.36","785","3512","8GB","197K×3","4W5228+1N4864","1R0715×2","193×2","193(x2)","1210","未確認"
"CAT","P.36","825G","3406C","6RN","197K","880PUW","","193H×2","","1210","未確認"
"CAT","P.37","902B2","S3Q2","W8C","108","837P","156-1200","207HS","","","未確認"
"CAT","P.38","931C(DD,PS","3204","5LG,2BJ,6AJ","103SS","823W","207M","1210","","1R0746","未確認"
"CAT","P.40","962G","3126TA","","196K","870FPW","209FH","150KBS","","","未確認"
"CAT","P.40","962GⅡ","3126B","","196K","977KPW","1R0762","150KBS×2","","","未確認"
"CAT","P.40","966D(E)","3306","35S,35S2524~","196K","870F/870FPW","207M","193H×4","","1210","未確認"
"CAT","P.40","977L","3306","95X","196K","977K","207M","193H×2","193","193","未確認"
"CAT","P.41","983","58X","","197K","880P","207MH","193H×2","193","193","未確認"
"CAT","P.43","D6C","","26K794~921","196","880P","207M","1200×2","193","193","未確認"
"CAT","P.44","D6CLGP","","49W,90B695~","196K","880P","207M","1200×2","193","193","未確認"
"CAT","P.44","D8K","77V,76V","","197K×2","880P/880PUW","207M×2","193H","193×2","193×2","未確認"
"CAT","P.47","MS070U-8","4D31C","","200D+322K","836N","106FN","137YN","","","未確認"
"CAT","P.47","MS110-3","6DS70C","~#5624","137","823N","565","137YN","","","未確認"
"CAT","P.47","MS110W","6DS70C","#101~160","137","823N","599","4654430","","","未確認"
"CAT","P.49","WS400AⅡ","K4F","PS5WA5","203C","836N","564K","6219H","","203","未確認"
"CAT","P.50","MF45WE","4M40","","121CGD","836P","312-1699","NE5011011","","317HK","未確認"
"CAT","P.51","MG150","S6E2T","1G1","103-3","494K","564K","???","","","確認済み"
"CAT","P.52","MM20CR・SR","L3E","","203C","838NR","532-65","103SS","","","確認済み"
"CAT","P.52","MM30T","S3L2","","203C","837P","532-65","110-220","","","確認済み"
"CAT","P.52","MM35","K3G","E2F","203S","837NTH","532-65","AEW00016","","207HS","確認済み"
"日立","P.56","U106AW-3","","","","","","314H","","","未確認"
"日立","P.56","UH005","E120","","347","","570Z","","","","未確認"
"日立","P.56","UH007","K5C","","103N-1","","564KSN","","","","未確認"
"日立","P.56","UH010M","V1702","","103N-1","836N","564KSN","103SS","","","未確認"
"日立","P.56","UH025-7","4BB1","3001~","338N","836N","570","315H","???","","未確認"
"日立","P.56","UH025(M)","4BB1","141~","338N","836N","570","315H","???","","未確認"
"日立","P.56","UH035-7","4BB1","726~","209S","836N","109SFN","315HL","???","313HN","未確認"
"日立","P.56","UH04-2","6BB1","5001~","338×2","823N","540","314H×2","???","","未確認"
"日立","P.56","UH04M-1","EC100A","101~105","121","823N","535","314H×2","???","","未確認"
"日立","P.56","UH04M-2","6BB1","396~","338×2","823N","540","314H×2","???","","未確認"
"日立","P.57","UH045-5","6BD1","2331~","338N×2","823N","540","316H","","","未確認"
"日立","P.57","UH045SS-7","6BB1","112~","121CHD","823A","109HFN","315HL","","313HN","未確認"
"日立","P.57","UH05D","EC100A","","121","823N","535","","","","未確認"
"日立","P.57","UH06D","DA640","3011~","347","823N","540","315H×2","","313HN","未確認"
"日立","P.57","UH07-5","EL100","","121","810N","540","316H-3×2","","313HN","未確認"
"日立","P.57","UH07LC","EL100","13641~","121","810N","540","316H-1×2","","313HN","未確認"
"日立","P.57","UH07LC-7","6BD1T","24899~","121CHD","810T","109HFN","316H-1×2","","313HN","未確認"
"日立","P.57","UH12-7","EP100T","157#446~","121CHD+121CHBD","815NTWA","334KF","316H-2×2","???","313HN","未確認"
"日立","P.57","UH14-2","E120","","347","871N","570Z","316H-3×2","???","313HN","未確認"
"日立","P.58","EX12-II","D1105","#02001~","203","838NR","30-85","103SS","","42-83S","未確認"
"日立","P.58","EX15(U)R","D722,D782","","203S","KWA300","30-85","6219H","","","未確認"
"日立","P.58","EX22-1(UR)","3KR1","#00462~","203C","837NR","532-85","314HZ","","42-83","未確認"
"日立","P.58","UH20","E120×2","170#103~380","347×2+349KN×2","490NNA×2","540","316H×2","3501403×2","314H","未確認"
"日立","P.58","UH20","E120×2","170#381~421","347×2+???","490NNA×2","540","316H×2","3501403×2","314H","未確認"
"日立","P.58","UHM18","3T90L-LB","","108","836N","532N","","","","未確認"
