ページ,機種区分,型式,シリアル,確認内容
"1","ブルドーザ","D10S-1","#1002~","HYD欄に淡色の純正番号表記あり（判読困難・原本確認）"
"2","ブルドーザ","D39PX/EX-23","","AIR欄・HYD欄は淡色の小文字表記：AIR 600-985-2810? ／HYD HST=712H(1Y-60-41310?) と読める（判読不確実・原本確認）"
"2","ブルドーザ","D41E(P,PF)-6EO","","HYD欄に淡色の純正番号表記あり（判読困難のため未収録。原本確認）"
"2","ブルドーザ","D51PX-22(0D080)","ecot3","AIR欄に淡色の純正番号表記あり（判読困難のため未収録。原本確認）"
"3","ブルドーザ","D60E-12","","HYD欄に淡色の純正番号表記あり（判読困難のため未収録。原本確認）"
"3","ブルドーザ","D61P,PX-12","","OIL欄に淡色の純正番号表記あり（判読困難のため未収録。原本確認）"
"3","ブルドーザ","D65P(E)X-15","#67001~","FUEL欄の番号の後ろに小さな注記あり（判読困難）"
"4","ブルドーザ","D71PX-24","","HYD欄の末尾が綴じ目で欠けて判読不可（原本確認）"
"4","ブルドーザ","D75-3","E#134677~178566","HYD欄の末尾が綴じ目で一部欠け"
"4","ブルドーザ","D75-3","E#178567~","HYD欄の末尾が綴じ目で一部欠け"
"4","ブルドーザ","D80A-12","E#8013~112050","HYD欄の末尾が綴じ目で一部欠け"
"4","ブルドーザ","D80A-12","E#112051~","HYD欄の末尾が綴じ目で一部欠け"
"4","ブルドーザ","D80P-12","#10001~","HYD欄の末尾が綴じ目で一部欠け"
"4","ブルドーザ","D80A(P)-18","E#139849~","HYD欄の末尾が綴じ目で一部欠け"
"4","ブルドーザ","D80A(P)-18","E#155898~","HYD欄の末尾が綴じ目で一部欠け"
"4","ブルドーザ","D85A-12","","HYD欄の末尾が綴じ目で欠けて判読不可（原本確認）"
"4","ブルドーザ","D85A(P)-18","E#139849~","HYD欄の末尾が綴じ目で一部欠け"
"4","ブルドーザ","D85A(P)-18","E#155898~","HYD欄の末尾が綴じ目で一部欠け"
"4","ブルドーザ","D150·155A-1","14257~19999","FUEL欄は純正番号表示（淡色・検証中）"
"4","ブルドーザ","D150·155A-1","20000~24804","FUEL欄は純正番号表示（淡色・検証中）"
"4","ブルドーザ","D155S-1","15182~19999","FUEL欄は純正番号表示（淡色・検証中）"
"4","ブルドーザ","D155S-1","20000~25199","FUEL欄は純正番号表示（淡色・検証中）"
"5","ブルドーザ","D155AX-5","E#110001~","FUEL欄は淡色の純正番号表記：600-311-7551 と読める（判読不確実・原本確認）"
"5","ブルドーザ","D355-1","14050~","FUEL欄は純正番号表示（淡色・検証中）"
"5","ブルドーザ","D355-3,5","20338~25899","FUEL欄は純正番号表示（淡色・検証中）"
"5","ブルドーザ","D375A-7R","","FUEL欄「3840KF×2+」の後ろに淡色の純正番号表記：600-319-5?10×2 のように見える（判読不確実・原本確認）"
"5","ブルドーザ","D455-1","#4033904~755210","OIL欄は淡色の「CULF-516×3」+5300N×2。HYD欄は淡色の純正番号表記：178-61-14160 と読める（判読不確実・原本確認）"
"5","ブルドーザ","D455-1","#4033905","OIL欄は淡色の「CULF-516×3」+5300N×2（原本確認）"
"5","ブルドーザ","D455-1","#E75221~","OIL欄は淡色の「CULF-516×3」+5300N×2。FUEL欄は淡色表記「CUFF202」（原本確認）"
"5","パワーショベル","15-HT-3","#5001~","HYD欄に淡色の純正番号表記あり：22-300728-01? と読める（判読不確実・原本確認）"
"5","パワーショベル","PC01-1A","#10001~","AIR欄は淡色の純正番号 HD17210ZE1822、HYD欄は淡色の純正番号 21A-62-12140 と読める（原本確認）"
"6","パワーショベル","PC02-1A","#10001~","OIL欄は純正番号表示（淡色・検証中）。FUEL欄に淡色の純正番号表記あり：114350-55120 と読める（判読不確実・原本確認）"
"6","パワーショベル","PC03-1","#1001~","OIL欄・AIR欄に淡色の純正番号表記あり：OIL 114250-35060／AIR 114650-12590 と読める（判読不確実・原本確認）"
"6","パワーショベル","PC03-2","#15001~","AIR欄・FUEL欄は純正番号表示（淡色・検証中）"
"6","パワーショベル","PC08UU(1)","#1001~","AIR欄・FUEL欄は純正番号表示（淡色・検証中）"
"6","パワーショベル","PC09FR-1","","HYD欄は純正番号表示（淡色・検証中）"
"6","パワーショベル","PC09GALEO","","HYD欄は純正番号表示（淡色・検証中）"
"7","パワーショベル","PC10UU-5","#15001~","HYD欄は純正番号表示（淡色・検証中）"
"7","パワーショベル","PC15MR(X)-1","#10001~","HYD欄に淡色の純正番号表記あり：22J-60-11410 と読める（判読不確実・原本確認）"
"7","パワーショベル","PC18MR-5","","HYD欄に淡色の純正番号表記あり：22J-60-55230 と読める（判読不確実・原本確認）"
"7","パワーショベル","PC25","","SERIAL欄に淡色で「スタンダ…」の表記あり（判読困難）"
"9","パワーショベル","PC70FR-1","#10001~","HYD欄に淡色の純正番号表記あり：YM172187-73730 と読める（判読不確実・原本確認）"
"10","パワーショベル","PC120-6EO","#70001~","HYD欄に淡色の純正番号表記あり：203-60-61330 と読める（判読不確実・原本確認）"
"11","パワーショベル","PC120-11","","HYD欄に極小文字の表記あり（判読不可・原本確認）"
"11","パワーショベル","PC128US-10","","AIR欄に淡色の純正番号表記あり（判読困難のため未収録。原本確認）"
"11","パワーショベル","PC138US-2TI","#4501~","HYD欄に淡色の純正番号表記あり（判読困難のため未収録。原本確認）"
"11","パワーショベル","PC138US-10","","AIR欄に淡色の純正番号表記あり（判読困難のため未収録。原本確認）"
"13","パワーショベル","PC228US-10","","エアコンフィルター：外気170-230AC（内気は淡色の純正番号表記のため判読困難・原本確認）"
"14","パワーショベル","PC600,650-6(E)","","HYD欄に淡色の純正番号表記あり：H=07063-51365／R=07063-21?00 と読める（判読不確実・原本確認）"
"14","パワーショベル","PC600,650-7","E#112158~","HYD欄に淡色の純正番号表記あり：H209-60-77530 と読める（判読不確実・原本確認）"
"14","パワーショベル","PC600,650-7","E#114118~","HYD欄に淡色の純正番号表記あり：H209-60-77530 と読める（判読不確実・原本確認）"
"14","パワーショベル","PC750,800-7","","HYD欄に淡色の純正番号表記あり：209-60-77530(?)×2 と読める（判読不確実・原本確認）"
"14","パワーショベル","PC750,800-7","E#114134~","HYD欄に淡色の純正番号表記あり：209-60-77530(?)×2 と読める（判読不確実・原本確認）"
"14","パワーショベル","PC800-8,850-8","","HYD欄に淡色の純正番号表記あり：209-60-77531×2 と読める（判読不確実・原本確認）"
"14","パワーショベル","PC950-11","#10001~","HYD欄に淡色の純正番号表記あり：2AA-60-11260×2 と読める（判読不確実・原本確認）"
"15","パワーショベル","PC1600-1","#1001~","OIL欄は極小文字で判読困難（150K×2+151KB×2,C=527K×2 のように見える・原本確認）"
"15","パワーショベル","PC1800","","HYD欄に淡色の純正番号表記あり（判読困難・原本確認）"
"15","パワーショベル","PC1800","E#114134~","HYD欄に淡色の純正番号表記あり（判読困難・原本確認）"
"15","パワーショベル","PW05-1","#1001~","HYD欄に淡色の純正番号表記あり（判読困難・原本確認）"
"15","ホイルローダ","WA10-1","#10001~","HYD欄に淡色の純正番号表記あり（判読困難・原本確認）"
"15","ホイルローダ","WA10-6","#12001~","HYD欄に淡色の純正番号表記あり（判読困難・原本確認）"
"15","ホイルローダ","WA30-2","#3001~9000","HYD欄に淡色の純正番号表記あり（判読困難・原本確認）"
"15","ホイルローダ","WA30(-3)","#9001~","HYD欄に淡色の純正番号表記あり（判読困難・原本確認）"
"15","ホイルローダ","WA30-5E","#18970~","型式は原本で「WA30-5€」のように印字。HYD欄に淡色の純正番号表記あり（判読困難・原本確認）"
"16","ホイルローダ","WA40-8(NO)","#7001~","HYD欄に淡色の純正番号表記あり：HYD=42A-60-71310、HST=42A-15-51??? と読める（判読不確実・原本確認）"
"16","ホイルローダ","WA50-8(NO)","#70001~","HYD欄に淡色の純正番号表記あり：HYD=42A-60-71310、HST=42A15-51??? と読める（判読不確実・原本確認）"
"16","ホイルローダ","WA80-8","#20001~","HYD欄に淡色の純正番号表記あり：419-60-35151 と読める（判読不確実・原本確認）"
"16","ホイルローダ","WA100-3ED","#70001~","HYD欄に淡色の純正番号表記あり：419-60-35152 と読める（原本確認）"
"16","ホイルローダ","WA100-6","","HYD欄に淡色の純正番号表記あり：419-60-3515? と読める（判読不確実・原本確認）"
"16","ホイルローダ","WA100-6","E#516805~","HYD欄に淡色の純正番号表記あり：419-60-3515? と読める（判読不確実・原本確認）"
"16","ホイルローダ","WA100-7","","AIR欄に淡色の純正番号 600-185-2710、HYD欄に 419-60-35150 と読める表記あり（判読不確実・原本確認）"
"16","ホイルローダ","WA100-8","","AIR欄に淡色の純正番号 600-185-2710 の併記あり。HYD欄にも淡色の純正番号表記あり（判読困難・原本確認）"
"16","ホイルローダ","WA100-8","","FUEL欄は淡色の純正番号表記：※6540-71-2320、PCV 600-333-3900 と読める（判読不確実・原本確認）"
"16","ホイルローダ","WA103","","HYD欄に淡色の純正番号表記あり：419-60-35152 と読める（原本確認）"
"16","ホイルローダ","WA105","","HYD欄に淡色の純正番号表記あり：419-60-35152 と読める（原本確認）"
"16","ホイルローダ","WA108","","HYD欄に淡色の純正番号表記あり：419-60-35152 と読める（原本確認）"
"16","ホイルローダ","WA108","E#26548330~","HYD欄に淡色の純正番号表記あり：419-60-35152 と読める（原本確認）"
"16","ホイルローダ","WA150-5NI","","HYD欄に淡色の純正番号表記あり：419-60-35152 と読める（原本確認）"
"16","ホイルローダ","WA150-6","","HYD欄に淡色の純正番号表記あり：419-60-35152 と読める（原本確認）"
"16","ホイルローダ","WA150-6","E#516805~","HYD欄に淡色の純正番号表記あり：419-60-35152 と読める（原本確認）"
"17","ホイルローダ","WA200-5","#65001~","HYD欄に淡色の純正番号表記の併記あり（判読困難・原本確認）"
"17","ホイルローダ","WA200-6","","HYD欄に淡色の純正番号表記の併記あり（判読困難・原本確認）"
"17","ホイルローダ","WA200-6","E#26548134~","HYD欄に淡色の純正番号表記の併記あり（判読困難・原本確認）"
"17","ホイルローダ","WA200","","HYD欄に淡色の純正番号表記あり（判読困難・原本確認）"
"17","ホイルローダ","WA270-5","#70001~","HYD欄に淡色の純正番号表記あり（判読困難・原本確認）"
"17","ホイルローダ","WA270","","HYD欄に淡色の純正番号表記あり（判読困難・原本確認）"
"17","ホイルローダ","WA270-6","","HYD欄に淡色の純正番号表記あり（判読困難・原本確認）"
"17","ホイルローダ","WA270-6","#75813~","HYD欄に淡色の純正番号表記あり（判読困難・原本確認）"
"17","ホイルローダ","WA270-8","","HYD欄に淡色の純正番号表記あり（判読困難・原本確認）"
"17","ホイルローダ","WA320-5","#60001~","HYD欄に淡色の純正番号表記の併記あり（判読困難・原本確認）"
"17","ホイルローダ","WA320-6","","原本では「WA320-6／WA108」を同一行に記載。HYD欄に淡色の純正番号表記の併記あり（判読困難・原本確認）"
"17","ホイルローダ","WA320-6","E#26548330~","原本では「WA320-6／WA108」を同一行に記載。HYD欄に淡色の純正番号表記の併記あり（判読困難・原本確認）"
"17","ホイルローダ","WA320-7","","HYD欄に淡色の純正番号表記の併記あり（判読困難・原本確認）"
"17","ホイルローダ","WA320-8","","HYD欄に淡色の純正番号表記あり（判読困難・原本確認）"
"17","ホイルローダ","WA380-6","#65001~","HYD欄に淡色の純正番号表記あり（判読困難・原本確認）"
"17","ホイルローダ","WA400-3","トンネル工事用","AIR欄に極小文字の表記あり（判読困難・原本確認）"
"17","ホイルローダ","WA430-6","#65001~","HYD欄に淡色の純正番号表記あり（判読困難・原本確認）"
"18","ホイルローダ","WA470-5","E#~316946","FUEL欄は淡色の純正番号表記：600-319-3310 と読める（原本確認）。HYD欄に「ST/M714-07-2871?」の併記あり（判読不確実）"
"18","ホイルローダ","WA470-5","#70001~","HYD欄に「ST/M714-07-2871?」の併記あり（判読不確実）"
"18","ホイルローダ","WA470-6","","HYD欄に「T/M=淡色の純正番号」の併記あり（判読困難・原本確認）"
"18","ホイルローダ","WA470-7","","HYD欄に「T/M=淡色の純正番号」の併記あり（判読困難・原本確認）"
"18","ホイルローダ","WA470-8","#100001~","HYD欄に「T/M=淡色の純正番号」の併記あり（判読困難・原本確認）"
"18","ホイルローダ","WA470-10","#120001~","HYD欄に「T/M=淡色の純正番号」の併記あり（判読困難・原本確認）"
"18","ホイルローダ","WA480-5","E#~316946","FUEL欄は淡色の純正番号表記：600-319-3310 と読める（原本確認）。HYD欄に「T/M714-07-2?7??」の併記あり（判読不確実）"
"18","ホイルローダ","WA480-5","#70001~","HYD欄に「T/M714-07-2?7??」の併記あり（判読不確実）"
"18","ホイルローダ","WA480-6","","HYD欄に「T/M=淡色の純正番号」の併記あり（判読困難・原本確認）"
"18","ホイルローダ","WA480-7","","HYD欄に「T/M=淡色の純正番号」の併記あり（判読困難・原本確認）"
"18","ホイルローダ","WA480-8","#100001~","HYD欄に「T/M=淡色の純正番号」の併記あり（判読困難・原本確認）"
"18","ホイルローダ","WA500-6","#55001~","HYD欄に淡色の純正番号表記あり：209-60-77532 と読める（判読不確実・原本確認）"
"18","ホイルローダ","WA500-6","#55531~","HYD欄に淡色の純正番号表記あり：209-60-77532 と読める（判読不確実・原本確認）"
"18","ホイルローダ","WA500-7","#10001~","HYD欄に淡色の純正番号表記あり：209-60-77532 と読める（判読不確実・原本確認）"
"18","ホイルローダ","WA900-8R","","FUEL欄に「+421-60-35170×1」と読める淡色の純正番号の併記あり（判読不確実・原本確認）"
"18","ホイルローダ","WR12-5","#55001~","HYD欄に淡色の純正番号表記あり：419-60-35152 と読める（原本確認）"
"18","ホイルローダ","WR12-6","","HYD欄に淡色の純正番号表記あり：419-60-35152 と読める（原本確認）"
"18","ホイルローダ","WR12-6","E#516805~","HYD欄に淡色の純正番号表記あり：419-60-35152 と読める（原本確認）"
"19","ホイルローダ","505","#10001~","HYD欄に淡色の純正番号表記あり（判読困難・原本確認）"
"19","ホイルローダ","507(J01-~)","#50001~","HYD欄に淡色の純正番号表記あり（判読困難・原本確認）"
"19","ホイルローダ","530(B)","","AIR欄・HYD欄に淡色の純正番号表記あり（判読困難・原本確認）"
"19","ホイルローダ","540","#10001~","AIR欄に淡色の純正番号表記あり。HYD欄「T=1114」の前に淡色の純正番号表記あり（判読困難・原本確認）"
"19","ホイルローダ","540B","#50001~","AIR欄に淡色の純正番号表記あり（判読困難・原本確認）"
"19","ホイルローダ","560B","","AIR欄に淡色の純正番号表記あり（判読困難・原本確認）"
"19","ホイルローダ","570","","OIL欄「CULF-516×2」ほか各欄に淡色の表記あり（判読困難・原本確認）"
"19","ホイルローダ","JH65CV","","OIL欄は「CULF613+5300N」と印字（CULF613は淡色の小文字）。HYD欄に淡色の「C=CUWF-2012」表記あり（原本確認）"
"19","ホイルローダ","JH90EV","#0001~","OIL欄「CULF-516」、FUEL欄「CUFF-108」、HYD欄「C=CUWF-2012」が淡色表記（原本確認）"
"19","ホイルローダ","SK04-1","#1001~","FUEL欄に淡色の純正番号表記あり：105223-55600? と読める（判読不確実・原本確認）"
"20","モータグレーダ","GD405A-2A","#2001~","HYD欄「T=191AN」の前に淡色の純正番号表記あり：230-60-13140 と読める（判読不確実・原本確認）"
"20","モータグレーダ","GD405A-7","","HYD欄に淡色の純正番号表記あり：423-60-45461 と読める（判読不確実・原本確認）"
"20","モータグレーダ","GD500R-2","E#19730~49999","HYD欄「193」の後ろに淡色の表記あり（判読困難）"
"21","モータグレーダ","GD655","","HYD欄は「195N,M=」の後ろに淡色の純正番号表記あり：714-07-2071? と読める（判読不確実・原本確認）"
"21","モータグレーダ","GD655-3EO","","HYD欄「195NL,」の後ろに淡色の純正番号表記：M=714-07-28710? と読める（判読不確実・原本確認）"
"21","モータグレーダ","GD655-3EO","E#26859153","HYD欄「195NL,」の後ろに淡色の純正番号表記：M=714-07-28710? と読める（判読不確実・原本確認）"
"21","モータグレーダ","GD755-5","","FUEL欄に淡色の純正番号表記あり：600-319-3550+4540? と読める（判読不確実・原本確認）"
"21","モータグレーダ","GC50-1(A)","#1001~","AIR欄に淡色の純正番号 YMX8727070000?、HYD欄に 26A-60-16540? と読める表記あり（判読不確実・原本確認）"
"21","モータグレーダ","GH320-2E","#12001~","AIR欄は淡色の純正番号表記：516-02-00010→516-02-00020? と読める（判読不確実・原本確認）"
"21","ダンプトラック","HD180-4","E#133388-148462","AIR欄に淡色の純正番号「6655-81-7012 #510~955」、HYD欄に淡色の「287-16-11510,T=1221-2」と読める表記あり（判読不確実・原本確認）"
"21","ダンプトラック","HD180-4","E#148463~","HYD欄に淡色の「287-16-11510,T=1221-2」と読める表記あり（判読不確実・原本確認）"
"21","ダンプトラック","HD200-2","E#125628~147773","AIR欄に淡色の純正番号「6685-81-7012 #1002~1040」、HYD欄に淡色の「287-16-11510,T=287-16-11510,S=1221-2」と読める表記あり（判読不確実・原本確認）"
"21","ダンプトラック","HD200-2","E#147774~","HYD欄に淡色の「287-16-11510,T=287-16-11510,S=1221-2」と読める表記あり（判読不確実・原本確認）"
"22","ダンプトラック","HD285TN-5B","#1301~","AIR欄・FUEL欄に淡色の純正番号表記あり：AIR 561-02-00010? ／FUEL 600-319-3440 と読める（判読不確実・原本確認）"
"22","ダンプトラック","HD325-6","E#110003~","FUEL欄に淡色の純正番号表記あり：600-311-7550 と読める（判読不確実・原本確認）"
"22","ダンプトラック","HD465-2","#1102~","FUEL欄は淡色表記「CUFF-202×2」。HYD欄の末尾が綴じ目で欠け（原本確認）"
"22","ダンプトラック","HD465-3","#2001~","HYD欄の末尾が綴じ目で欠け（原本確認）"
"22","ダンプトラック","HD465-5","#4001~4406","HYD欄の末尾が綴じ目で欠け（原本確認）"
"22","ダンプトラック","HD465-5","#4407~","HYD欄の末尾が綴じ目で欠け（原本確認）"
"22","ダンプトラック","HD680-2","#430077-467000","OIL欄は「6710-58-5101×3+5300N」（前半は淡色の純正番号）。FUEL欄は淡色表記「CUFF-108」（原本確認）"
"22","ダンプトラック","HD680-2","#467001-669061","FUEL欄は淡色表記「CUFF-108」（原本確認）"
"22","ダンプトラック","HD1200(M)-1","","FUEL欄は淡色表記「CUFF-202」（原本確認）"
"23","エアーコンプレッサー","EC20Z-1","#1001~","AIR欄に淡色の純正番号表記あり（判読困難・原本確認）"
"23","エアーコンプレッサー","EC25SSB-5","","FUEL欄に原本で「要確認」の注記あり"
"23","エアーコンプレッサー","EC35Z,ZS-2","#3001~","HYD欄に淡色の表記あり（判読困難・原本確認）"
"23","エアーコンプレッサー","EC35ZSB-2","#1001~","HYD欄に淡色の表記あり（判読困難・原本確認）"
"23","エアーコンプレッサー","EC75Z-3","#3001~","AIR欄に原本で「要確認」の注記あり"
"23","ディーゼル発電機","EG15BS-3","#25651~","FUEL欄に淡色の純正番号表記あり：6143-72-8720? と読める（判読不確実・原本確認）"
"23","ディーゼル発電機","EG30(S)-1","#1001~","AIR欄に淡色の純正番号表記あり：6141-85-7210? と読める（判読不確実・原本確認）"
"24","ディーゼル発電機","EG75BS-1","","原本では「121／823N／540/109HFN」がSERIAL〜AIR欄に1列ずれて印字（列を補正して収録・原本確認）"
"24","ディーゼル発電機","EG220BS-2","","HYD欄に淡色の純正番号表記あり：208-60-61150 と読める（原本確認）"
"24","ディーゼル発電機","EG300BS-5","","HYD欄に淡色の純正番号表記あり：208-60-61150 と読める（原本確認）"
"25","振動ローラ","JV32W-2","#2501~","OIL欄に淡色の純正番号表記あり：2691-8-37310? と読める（判読不確実・原本確認）"
"25","振動ローラ","JV33-2","","FUEL欄・HYD欄は淡色の純正番号表記：FUEL 258-70-17620? ／HYD 257-60-12310? と読める（判読不確実・原本確認）"
"25","振動ローラ","JV40C(D)W-5EO","#6001~","HYD欄に淡色の純正番号表記あり：278-60-15270? と読める（判読不確実・原本確認）"
"25","振動ローラ","JV40CW-5EO","#6001~","HYD欄に淡色の純正番号表記あり：278-60-15270? と読める（判読不確実・原本確認）"
"26","振動ローラ","JW25W-2","","原本は紙面の湾曲が大きく、行の対応は罫線追跡で確認"
"26","振動ローラ","JW200-2","#20001~","HYD欄に淡色の純正番号表記あり（判読困難・原本確認）"
"26","振動ローラ","JW200T-1","#20001~","HYD欄に淡色の純正番号表記あり（判読困難・原本確認）"
"26","振動ローラ","JW210-2","#20001~","HYD欄に淡色の純正番号表記あり（判読困難・原本確認）"
"27","小松クレーン","LC755-3","~E#26231194","OIL欄は淡色の純正番号表記：6732-51-5310? と読める（判読不確実）。HYD欄に淡色の純正番号表記あり（判読困難・原本確認）"
"27","小松クレーン","LC755-3","E#26231195~","HYD欄に淡色の純正番号表記あり（判読困難・原本確認）"
"27","小松クレーン","LC785","","HYD欄に淡色の表記あり（判読困難・原本確認）"
"27","小松クレーン","LC785-6","#15001~","HYD欄に淡色の純正番号表記あり（判読困難・原本確認）"
"28","リーチタワークレーン","LT300-2H","#21001~","HYD欄の末尾が綴じ目で欠け（原本確認）"
"28","リーチタワークレーン","LT500-1H","#30003~","HYD欄の末尾が綴じ目で欠け（原本確認）"
"28","リーチタワークレーン","LT500-1H","E#60053~","HYD欄の末尾が綴じ目で欠け（原本確認）"
"28","ウイング","WING100-1H,X","#10001~","HYD欄は綴じ目付近の小文字（判読やや不確実）"
"28","ウイング","WING500-1H","#10001~","HYD欄は綴じ目付近の小文字（判読やや不確実）"
"28","ヘラクレス","WF450T","","HYD欄の末尾が綴じ目で欠け（原本確認）"
"28","ヘラクレス","WF600T","","HYD欄の末尾が綴じ目で欠け（原本確認）"
"28","ヘラクレス","SR3000","","HYD欄は小文字で「563WS」または「563W6」のように見える（判読不確実・原本確認）"
"28","ヘラクレス","ZC01-1A","","AIR欄は淡色の純正番号表記。HYD欄にも淡色の純正番号表記あり：214-52…（判読困難・原本確認）"
"30","アーティキュレートダンプ","HM350-2","#2001~","HYD欄の末尾が紙端で欠け（原本確認）"
"30","アーティキュレートダンプ","HM400-2","","HYD欄の末尾が紙端で欠け（原本確認）"
"30","アーティキュレートダンプ","HM400-3","#3001~","HYD欄の末尾が紙端で欠け（原本確認）"
"30","アーティキュレートダンプ","HM400-5(HM016)","#2001~","HYD欄の末尾が紙端で欠け（原本確認）"
