101	クローラークレーン	7055-3F	J08E		120KD	494KPWA	334HF	103SS	このページ冒頭に区分見出しは無く、前ページ（P.100）のクローラークレーンの続きと判断
101	クローラークレーン	7065	6D22T				207MF		
101	クローラークレーン	7065-2	6D22T		138	495BNTWA	207MF	178-450KP+103SS	
101	クローラークレーン	7070	6D16		137K	815NTWA	207MF	178-450KP+103SS	
101	クローラークレーン	7070-1F	J08E		120KD	494KPWA	334HF	103SS	
101	クローラークレーン	7070G	J08E		120KD	977KPWA	334HHF+323PF	142-130-3+103SS	その他欄: ライン=CSP10L-30
101	クローラークレーン	7070G-2	J08E		120KD	977KPWA	334HHF	142-130-3+103SS	その他欄: ライン=CSP10L-30
101	クローラークレーン	7080(-2)	6D22		138	495BNTW	207MF	150-450	
101	クローラークレーン	7090	6D24		138L	977KPHWA	208MF	142-130-2+103SS	その他欄: ライン=CSP10L-30
101	クローラークレーン	7090-1F	P11C		327PLW	977KPHWA	541PFN+323PF	142-130-2+103SS	その他欄: ライン=CSP10L-30
101	クローラークレーン	7090G	J08C		120KD	977KPWA	334HHF+323PF	142-130-2+103SS	その他欄: ライン=CSP10L-30
101	クローラークレーン	7090G-2		~GK06-105162	120KD	977KPWA	334HHF	142-130-2+103SS	その他欄: ライン=CSP10L-30。機種名・OIL・AIR・FUEL・その他欄は2行にまたがる結合セル。シリアルはエンジン欄上段の印字（エンジン名の記載なし）
101	クローラークレーン	7090G-2		GK06-105163~	120KD	977KPWA	334HHF	142-130-2N+103SS	その他欄: ライン=CSP10L-30。機種名・OIL・AIR・FUEL・その他欄は2行にまたがる結合セル。シリアルはエンジン欄の位置に印字
101	クローラークレーン	7100	6D22T		138	495BNTWA	207MF	178-450KP+103SS	
101	クローラークレーン	7120	6D24T		138L	977KPHWA	208MF	142-130-2+103SS	その他欄: ライン=CSP10L-30
101	クローラークレーン	7120-1F	P11C		327PLW	977KPHWA	541PFN+323PF	142-130-2+103SS	その他欄: ライン=CSP10L-30
101	クローラークレーン	7120G	P11C		327PLW	977KPHWA	334KF+323PF	142-130-2+103SS	その他欄: ライン=CSP10L-30
101	クローラークレーン	7120G-2	P11C		327PLW	977KPHWA	334KF+323PF	142-130-2+103SS	その他欄: ライン=CSP10L-30
101	クローラークレーン	7150	6D22		138	495BA	207MF	150-300	
101	クローラークレーン	7200	6D24		138L	495BA	207MF	178-450KP	その他欄: ライン=CSP10L-30
101	クローラークレーン	7200-2F	P11C		327PLW	977KPHWA	541PF	142-130TP(純正)	その他欄: ライン=CSP10L-30
101	クローラークレーン	7250			138	491NN	207MF	150-300	
101	クローラークレーン	7300	8DC9T		138	491NN	207MF		
101	クローラークレーン	7450	KTA-19			491NN			
101	クローラークレーン	7800	KTA-19						
101	クローラークレーン	BM700HD	6D24		138	495BNTWA	207MF		その他欄: #GD01001
101	クローラークレーン	BM700HD-2	6D24						
101	クローラークレーン	BM800HD	6D24		138	495BNTWA	207MF	178-450KP	その他欄: D=CSP10L-30
101	クローラークレーン	BM800HD-2	6D24		138L	495BNTWA	208MF	178-450KP+103SS	その他欄: OP=CSP10L-30
101	クローラークレーン	BM800HD-2F	P11C		327PLW	977KPHWA	541PF	142-130TP×2+103SS	その他欄: OP=CSP10L-30
101	クローラークレーン	BM900HD-2	6D24		138L	977KPHWA	208MF	142-130TP×2+103SS	その他欄: OP=CSP10L-30
101	クローラークレーン	BM900HD-2F	P11C		327PLW	977KPHWA	541PF	142-130TP×2+103SS	その他欄: OP=CSP10L-30
101	クローラークレーン	BM1000HD	P11C		327PLW	977KPHWA	541PFN	142-130-3+103SS	その他欄: ライン=CSP10L-30
101	クローラークレーン	BM1000G		#~HF03102203	327PLW	977KPHW	334KFN+323PF	142-130-3+103SS	その他欄: ライン=CSP10L-30。機種名・OIL・AIR・FUEL・その他欄は2行にまたがる結合セル。シリアルはエンジン欄の位置に印字
101	クローラークレーン	BM1000G		#HF03102204~	327PLW	977KPHW	334KFN+323PF	142-130-3N+103SS	その他欄: ライン=CSP10L-30。機種名・OIL・AIR・FUEL・その他欄は2行にまたがる結合セル。シリアルはエンジン欄の位置に印字
101	クローラークレーン	BM1000G-2		#~HF04103178	327PLW	977KPHW	334KFN+323PF	142-130-3+103SS	その他欄: ライン=CSP10L-30, 尿素=570NFN。機種名・OIL・AIR・FUEL・その他欄は2行にまたがる結合セル。シリアルはエンジン欄の位置に印字
101	クローラークレーン	BM1000G-2		#HF04103179~	327PLW	977KPHW	334KFN+323PF	142-130-3N+103SS	その他欄: ライン=CSP10L-30, 尿素=570NFN。機種名・OIL・AIR・FUEL・その他欄は2行にまたがる結合セル。シリアルはエンジン欄の位置に印字
101	クローラークレーン	BM1000G-2A	6UZ1		121CZ×2	977KPHW	323PF+323KF×2	142-130-3N+103SS	その他欄: ライン=CSP10L-30, 尿素=570NFN
101	クローラークレーン	BM1200	8DC9TC		138	491NNA	207MF	150-450KP	その他欄: D=CSP10L-30。エンジン・OIL・AIR・FUEL欄は上下2段、HYD・その他欄は2行にまたがる結合セル
101	クローラークレーン	BM1200	KTA-19-C600		150K+121CHBD	491NN	FF4020※	150-450KP	その他欄: D=CSP10L-30。エンジン・OIL・AIR・FUEL欄は上下2段、HYD・その他欄は2行にまたがる結合セル
