221	（区分見出しなし）	S&B30S	K4M		204Y	836N	50-90	CSP10-10	その他欄: 524。紙面が傾いており、傾き補正した画像で行ごとに確認した。左ページの端と指が写り込んでいる
221	（区分見出しなし）	S&B30K	V1902		103N-1	836N	50-90	CSP10-10	
221	（区分見出しなし）	S&B30SR	K4M		204Y	836N	50-90	CSP10-10	
221	（区分見出しなし）	S&B45S	S4K		200D	836N	564K	1114	
221	（区分見出しなし）	S&B150	L3E		203C	838N	30-85	103SS	その他欄: 42-83
221	（区分見出しなし）	S&B150-2	L3E		203C	837N-190	30-85	103K	
221	（区分見出しなし）	S&B300	D1402		103N-1	837N	50-90	103SS	その他欄: 42-83
221	（区分見出しなし）	S&B300-2	D17						データ欄は空欄（機種名・エンジン名のみ印字）
221	（区分見出しなし）	S&B480	K4E		203C	837N	30-85	CSP10-10	
221	（区分見出しなし）	S&B480SR	K4E		203C	837N	30-85	CSP10-10	
221	（区分見出しなし）	S&B500,550	D1102		103N-1	836N	50-90	CSP10-10	
221	（区分見出しなし）	S&B550S	K4M		204Y	836N	50-90	CSP10-10	
221	（区分見出しなし）	S&B580	K4N		203C	836N	50-90	CSP10-10	
221	（区分見出しなし）	S&B800CS							データ欄は空欄（機種名のみ印字。エンジン欄も空欄）
221	（区分見出しなし）	S&B800-2	S4K		200D	836N	564K	1114	
221	（区分見出しなし）	HRC3							データ欄は空欄（機種名のみ印字。エンジン欄も空欄）
221	（区分見出しなし）	HRC4	3KR1		203C	837N	532-65/203NF要確認	103SS	FUEL欄の「要確認」は原本の印字
221	（区分見出しなし）	HRT4	3KR1		203C	837N	532-65/203NF要確認	103SS	FUEL欄の「要確認」は原本の印字
221	（区分見出しなし）	HTN20	6BD1						データ欄は空欄（機種名・エンジン名のみ印字）
221	（区分見出しなし）	HTW20	6BD1						データ欄は空欄（機種名・エンジン名のみ印字）
221	（区分見出しなし）	HR55SS	E60		純正	純正	30-85		OIL・AIR欄の「純正」は品番ではなく純正品を使う意味
221	（区分見出しなし）	HR65SS	E60		純正	純正	30-85		OIL・AIR欄の「純正」は品番ではなく純正品を使う意味
221	（区分見出しなし）	HB07T							データ欄は空欄（機種名のみ印字。エンジン欄も空欄）
221	（区分見出しなし）	HL45C							データ欄は空欄（機種名のみ印字。エンジン欄も空欄）
221	（区分見出しなし）	HS30W	3TNC78		203C	837N	50-90		
221	（区分見出しなし）	HS40W	3TN84L		203C	837N	50-90	103SS	
221	（区分見出しなし）	HS50W	3TN84TL		203C	837N	50-90		
221	（区分見出しなし）	HZ40WE	電動式						エンジン欄は「電動式」と印字。品番は空欄
221	（区分見出しなし）	HZ60WE	電動式						エンジン欄は「電動式」と印字。品番は空欄
221	（区分見出しなし）	HZ60C	K3F		203C	YMA-1	32CD		
221	（区分見出しなし）	HZ90W	電動式						エンジン欄は「電動式」と印字。品番は空欄
221	（区分見出しなし）	HZ90C	K4M		203C		50-90	103SS	AIR欄は空欄
221	（区分見出しなし）	HZ122C	4JA1		200D	837N			FUEL欄は空欄
221	（区分見出しなし）	HZ130W	4JA1		200D	837N			FUEL欄は空欄
221	（区分見出しなし）	K&B550SL	K4M		204Y	836N	50-90	CSP10-10	その他欄: C3。その他欄は機種名の行より少し上に印字（傾きのため行対応は要照合）
221	（区分見出しなし）	NC3000	3AB1		200S	837N	203NF	CSP10-10	
221	（区分見出しなし）	S027	3LB1		203C	838N	532-65		
221	（区分見出しなし）	S035	3LD1		203	837N-190	532-65		
