106	（区分見出しなし）	KH52SR(G)	V1902		103N-1	836N	50-90/540	207HS	
106	（区分見出しなし）	KH54SRG	V1902		103N-1	836N	50-90/540	207HS	
106	（区分見出しなし）	KH055(H)	S2800		204Y	836N	50-90+505C	CSP10-10	
106	（区分見出しなし）	KH55SRX	D950		203	838N	564KSN	103SS	その他欄: CSP10-10も有り
106	（区分見出しなし）	KH60	FD3304		207H	836N	516F	315HL	その他欄: 317H
106	（区分見出しなし）	KH60(H)	D1302		103N-1	837N	564KSN	207HS	
106	（区分見出しなし）	KH60UR	4JB1		106DS	836N	516KH		
106	（区分見出しなし）	KH60URG	4JB1		106DS	836N	16KH		FUEL欄は原本で「16KH」と印字（先頭の5が欠けている可能性）
106	（区分見出しなし）	KH65GS,RX	D1302		103N-1	837N	564KSN	103SS	
106	（区分見出しなし）	KH70FD	D1402		103N-1	837N	564KSN	103SS	
106	（区分見出しなし）	KH70-2	6BB1		121				
106	（区分見出しなし）	KH90	4BD1		209S	836N	109SFN	316H-2	その他欄: 317H
106	（区分見出しなし）	KH90V	D1702BH		103N-1	836N	564KSN/540	103SS	
106	（区分見出しなし）	KH100(M)	4BD1		209S	836N	109SFN	316H-2	その他欄: 317H
106	（区分見出しなし）	KH100F(D)	6BB1		121CHD	823T	109HFN	316H-2	その他欄: 317H
106	（区分見出しなし）	KH100D	H06D		122KDT		109HFN		
106	（区分見出しなし）	KH120	4BD1T		209S	823T	109SFN	316H-2	その他欄: 317H。機種名は2行にまたがる結合セル
106	（区分見出しなし）	KH120			103N-1	836N	564KSN/540	207HS	機種名は2行にまたがる結合セル。エンジンは下段が空欄
106	（区分見出しなし）	KH130	V1902		103N-1	836N	50-90	207HS	
106	（区分見出しなし）	KH150	4BD1T		209S	823T	109SFN	316H-2	その他欄: 317H
106	（区分見出しなし）	KH160FD	6BD1						
106	（区分見出しなし）	KH170(L)	S2600D		204Y	836N	540		
106	（区分見出しなし）	KH180-3			121	833TWA	540	4050731	
106	（区分見出しなし）	KH200	6BB1						150-450
106	（区分見出しなし）	KH200(LC)	6BD1T		121CHD+121CHBD	810T	109HFN	150-450	その他欄: 317H
106	（区分見出しなし）	KH220(LC)	H06CT		121CHD+121CHBD	833T	334KF	150-450	その他欄: 317H
106	（区分見出しなし）	KH250-2L	FD3304		207H	836N	516F	314H	その他欄: 317H
106	（区分見出しなし）	KH250(SR)-7	FD33D4		207H	836N	516F	314H	その他欄: 317H
106	（区分見出しなし）	KH270(LC)	H06CT1		121CHD+121CHBD	833T	334KF	150-450	その他欄: 317H
106	（区分見出しなし）	KH350	4BD1		121	823N	540		
106	（区分見出しなし）	KH350-7	4BB1		338N×2	836N	516KH	315H	その他欄: 313HN。機種名・AIR・HYD・その他欄は2行にまたがる結合セル。OIL欄は上下2段
106	（区分見出しなし）	KH350-7			209S	836N	109SFN	315H	その他欄: 313HN。機種名・AIR・HYD・その他欄は2行にまたがる結合セル。OIL欄は上下2段
106	（区分見出しなし）	KH400F(D)	6BB1		121CHD	823A	109HFN		機種名は2行にまたがる結合セル
106	（区分見出しなし）	KH400F(D)			338N	823N	540	316H	機種名は2行にまたがる結合セル
106	（区分見出しなし）	KH400-5	6BB1		338N	823N	540	316H	
106	（区分見出しなし）	KH400(M)-7	4BD1		209S	823A	109SFN	315H-346	
106	（区分見出しなし）	KH450-7	6BB1		121CHD	823A	109HFN	315H-346	
106	（区分見出しなし）	KH550-7	6BB1		121CHD	823A(823N)	109HFN	315H-346	
106	（区分見出しなし）	KH600FD	6BD1		121	810T	540		機種名・エンジン・AIR欄は2行にまたがる結合セル
106	（区分見出しなし）	KH600FD			121CHD	810T	109HFN	316H-2×2	機種名・エンジン・AIR欄は2行にまたがる結合セル
