217	（区分見出しなし）	BM545S-2	4TNV98		203	839PW	107SF	110-100			紙面が波打っており、上部は右側列が機種名より約15〜30px下にずれて見える。傾き補正画像で行ごとに確認して対応させた
217	（区分見出しなし）	CC423S-1	3TNV88		203	837PW	107SF	1222			HYD欄の「1222」は原本の印字（品番の一部が欠けている可能性）
217	（区分見出しなし）	CC505	4D95L		103-3N	836T	516KH				
217	（区分見出しなし）	CC505-2	4D95LE		103-3	836T	516KH				
217	（区分見出しなし）	CC985S-1	4LE2XA		206I	839PW	529NPF+323PLH	317HS			
217	（区分見出しなし）	CC1485S-1	4LE2XA		206I	839PW	529NPF+323PLH	317HS	CSP10L30		
217	（区分見出しなし）	CC1908S-1	4TNV98		203	839PW	3530PF+3530KF	110-200+317HS	CSP10L30		
217	（区分見出しなし）	MC38A						103SS			エンジン欄は空欄。HYD欄のみ印字
217	（区分見出しなし）	MC174CW									データ欄は空欄（機種名のみ印字）。エンジン欄も空欄
217	（区分見出しなし）	MC174CRM									データ欄は空欄（機種名のみ印字）。エンジン欄も空欄
217	（区分見出しなし）	MC235CW									データ欄は空欄（機種名のみ印字）。エンジン欄も空欄
217	（区分見出しなし）	MC283C(F)	2TNE68		203S	838P	532-85				
217	（区分見出しなし）	MC284A						103SS			エンジン欄は空欄。HYD欄のみ印字
217	（区分見出しなし）	MC285CW	2TNE68		203S	838P	532-85+532S	103SS	103SS		
217	（区分見出しなし）	MC285CR(M)	2TNE68		203S	838P	532-85+532S	103SS	103SS		
217	（区分見出しなし）	MC285C-2	2TNV70		203S		532-85+532S				AIR欄は空欄
217	（区分見出しなし）	MC305CW	3TNE74		203	838N	532-85	103SS	103SS		
217	（区分見出しなし）	MC305CR	3TNE74		203	838N	532-85	103SS	103SS		
217	（区分見出しなし）	MC305MS	3TNE74		203	838N	532-85	103SS	103SS		
217	（区分見出しなし）	MC305C-2	3TNV76		203S	838P	532-85+532S		103SS		
217	（区分見出しなし）	MC305C-3	3TNV80F		203S	838P	532-85+532S				
217	（区分見出しなし）	MC354.5			203	838N	532-85				エンジン欄は空欄
217	（区分見出しなし）	MC355C	3TNA72L		203	838N	532-85				
217	（区分見出しなし）	MC355R	3TNE74		203	838N	532-85	103SS	103SS		
217	（区分見出しなし）	MC373						103SS	103SS		エンジン・OIL・AIR・FUEL欄は空欄
217	（区分見出しなし）	MC384						103SS	103SS		エンジン・OIL・AIR・FUEL欄は空欄（行対応は不確実）
217	（区分見出しなし）	MC405C	3TNV88		203	837P	107SF				
217	（区分見出しなし）	MDT30	6D24		138	495BNTWA	207MF				
217	（区分見出しなし）	MDT30ET2	SAA6D114E		9009LF						AIR・FUEL欄は空欄
217	（区分見出しなし）	MH140ML									データ欄は空欄（機種名のみ印字）。エンジン欄も空欄
217	（区分見出しなし）	HF060	D1105		203	838N	30-85/532-85				
217	（区分見出しなし）	HF070R	D722KA		203S		30-85				AIR欄は空欄
217	（区分見出しなし）	HF070R-2	D722KA		203S	838N	30-85	104NF			
217	（区分見出しなし）	HF090	3LD1		203	837N-190	491C				
