166	（区分見出しなし）	NDG8000	Z14NB						データ欄は空欄（機種名・エンジン名のみ印字）。紙面が右上がりに傾いており、右側列は機種名の行より約20〜60px上にずれて見える（FUEL・備考ほど大きい）。列ごとの位置を補正して行に対応させた（要照合）
166	（区分見出しなし）	NDW4-300SS	D1703		103N-1		564KSN		
166	（区分見出しなし）	PS17S	DH850B		203	838N	30-85		
166	（区分見出しなし）	PS25	4LE1		203	837NR	109HFS+532S		備考欄: NES25TIL
166	（区分見出しなし）	PS30MS	TIKK-ACLK4						データ欄は空欄（機種名・エンジン名のみ印字）
166	（区分見出しなし）	PS35S	SD22		120	453	516B		備考欄: CO.AIR=836N
166	（区分見出しなし）	PS40S	SD22		120	453	516B		備考欄: CO.AIR=836N
166	（区分見出しなし）	PS45MS	TIKK-DCKL4						データ欄は空欄（機種名・エンジン名のみ印字）
166	（区分見出しなし）	PS50S	4DR50		103-3	499N	564		機種名は2行にまたがる結合セル
166	（区分見出しなし）	PS50S	4DR50P		322N		106SFN		機種名は2行にまたがる結合セル
166	（区分見出しなし）	PS50SS	4DR5P		200D		106SFN		
166	（区分見出しなし）	PS75MS				490NNS			備考欄: スピン=207HS。エンジン欄は空欄
166	（区分見出しなし）	PS105S	6BD1		121	823N	540		
166	（区分見出しなし）	PS145S	EL100		121	823N	540		
166	（区分見出しなし）	PS200S	DK10T		327	871N	521N		備考欄: CO.AIR=872N
166	（区分見出しなし）	NES13SIX	3LD1		203	837N-190	532-65		
166	（区分見出しなし）	NES13SI	3LD1		203	837N-190	203NF		
166	（区分見出しなし）	NES13EK	D1503		103N-1		564KSN/532-85		AIR欄は空欄
166	（区分見出しなし）	NES15SI	3LD1		203	837N-190	203NF		
166	（区分見出しなし）	NES25SN(BN)	SD22		120	453	516B		
166	（区分見出しなし）	NES25SI	4JC1		200D	837N	516KH		
166	（区分見出しなし）	NES25SI-2	4JC1		200D	837N	516KH		
166	（区分見出しなし）	NES25SI-3	C240		200DH	837N	516KH		
166	（区分見出しなし）	NES25SN(BN)	SD22		207S	453	516KH		同じ機種名が2行ある
166	（区分見出しなし）	NES25SM	S3F		103-3	837N	564K		
166	（区分見出しなし）	NES25SIT(TIL)	4LE1		203	837NR	109HFS+532S		
166	（区分見出しなし）	NES25EI(-2)	4LE1		203	837NR/837P	109HFS		
166	（区分見出しなし）	NES25EAI			203	837P	109HFS		エンジン欄は空欄
166	（区分見出しなし）	NES25EK-3	V2403		206I	837P	50-80		
166	（区分見出しなし）	NES25TKL	V2403		103N-1	836P	50-90		
166	（区分見出しなし）	NES35ST	1Z		102	837N	101SFN		
166	（区分見出しなし）	NES35ST-2	1Z		102	837N	101SFN		
166	（区分見出しなし）	NES40SM(BM)	S4F		103-3	836N	564K		
166	（区分見出しなし）	NES45SM	S4F		103-3	836N	564K		
166	（区分見出しなし）	NES45SH	W04D		334K	836N	564KSN		
166	（区分見出しなし）	NES45SH-2	W04D		334K	812M/836N	564KSN		
166	（区分見出しなし）	NES45SPH(E)	W04D		334K	836NW	109HFN		
166	（区分見出しなし）	NES45AP	BD30T		103C	836NW	516KH		
