186	（区分見出しなし）	VC65R	EY15D			EY15					AIR欄の参照値はエンジン名と思われる。紙面がやや傾いているが罫線を追って行に対応させた（突き合わせ済み）
186	（区分見出しなし）	VC75R	EY20D			EY20					AIR欄の参照値はエンジン名と思われる
186	（区分見出しなし）	VC80N2	EC-10D			RA-3					AIR欄の参照値はエンジン名と思われる
186	（区分見出しなし）	VC90N4	EY20D			EY20					AIR欄の参照値はエンジン名と思われる
186	ミニAFエンジン	HA14C/15C	D1703		103N-1	837R	564KSN				
186	ミニAFエンジン	HA24C/25C	4FB1		106DS	401	516KH				
186	ミニAFエンジン	HA25C2	V2203		103N-1	837R	564KSN				
186	ミニAFエンジン	HA25W	4FB1		106DS	401	516KH				
186	ミニAFエンジン	HA25W-2(4WD	V2203		103N-1	837R	564KSN				機種名は「HA25W-2(4WD」で閉じ括弧が欠けている
186	ミニAFエンジン	HA30C/31C	4FB1		106DS	401	516KH				
186	ミニAFエンジン	HA31C2	V2203		103N-1	837R	564KSN				
186	ミニAFエンジン	HA31C3	V2203		103N-1	837R	564KSN				
186	ミニAFエンジン	HA31C-5	V3300		103N-1	839P	101SFN+564KSN				
186	ミニAFエンジン	HA30W/31W	4FB1		106DS	401	516KH				
186	ミニAFエンジン	HA31W(4WD)	V2203		103N-1	837R	564KSN				
186	ミニAFエンジン	HA31W-2	V3300		103N-1	836P	564KSN/491F				
186	ミニAFエンジン	HB25W	4FB1		106DS	401	516KH				
186	ミニAFエンジン	HB25W-2(4WD	V2203		103N-1	837R	564KSN				機種名は「HB25W-2(4WD」で閉じ括弧が欠けている
186	ミニAFエンジン	HB25C2	V2203		103N-1	837R	564KSN				
186	ミニAFエンジン	HB31C(1)	V2203		103N-1	837R	564KSN				
186	ミニAFエンジン	HB31C2	C240		200DH	837N	516KH				機種名は2行にまたがる結合セル
186	ミニAFエンジン	HB31C2	F2803		103N-1	837R	564KSN				機種名は2行にまたがる結合セル
186	ミニAFエンジン	HB31C3	V2203		103N-1	837R	564KSN				
186	ミニAFエンジン	HB31C-5	V3300		103N-1	836P	564KSN/491F				
186	ミニAFエンジン	HB31W(4WD)	V2203		103N-1	837R	564KSN				
186	ミニAFエンジン	HB31W-2	V3300		103N-1	836P	564KSN/491F				
186	ミニAFエンジン	HB40C	C240		200DH	837N	516KH				機種名は2行にまたがる結合セル
186	ミニAFエンジン	HB40C	F2803		103N-1	837R	564KSN				機種名は2行にまたがる結合セル
186	ミニAFエンジン	HB40C-2	V3300		103N-1	836P	564KSN/491F				
186	ミニAFエンジン	HB40C-3	V3300		103N-1	836P	564KSN/491F				機種名・OIL欄は2行にまたがる結合セル
186	ミニAFエンジン	HB40C-3	F2803		103N-1	837R	564KSN				機種名・OIL欄は2行にまたがる結合セル
186	ミニAFエンジン	HB43C-3	V3300		103N-1	836P	564KSN/491F				
186	ミニAFエンジン	HB40W-4WD	F2803		103N-1	837R	564KSN				
186	ミニAFエンジン	HB40W-2	V3300		103N-1	836P	564KSN/491F				
186	ミニAFエンジン	HB40W-3	V3300		103N-1	836P	564KSN/491F				
186	ミニAFエンジン	HB43W-4WD	F2803		103N-1	837R	564KSN				
186	ミニAFエンジン	HB43W-3	V3300		103N-1	836P	564KSN/491F				
186	ミニAFエンジン	HB1432W-5B	V2203		103N-1	837Ror837PS	564KSN				
186	ミニAFエンジン	HB2045C	V3300		103N-1	836P	564KSN/491F				
