240	（区分見出しなし）	ROCF7	OM441						データ欄は空欄（機種名・エンジン名のみ印字）。紙面がやや波打っており、右側列は機種名より約20〜40px上下にずれて見える。行ごとに位置を確認して対応させた。ページ下半分は裏面の文字が薄く透けて見えるだけでデータなし
240	（区分見出しなし）	MR420							データ欄は空欄（機種名のみ印字。エンジン欄も空欄）
240	（区分見出しなし）	MR450							データ欄は空欄（機種名のみ印字。エンジン欄も空欄）
240	（区分見出しなし）	ZW20(L)	D1105-K3A					50-80	OIL・AIR欄は空欄
240	（区分見出しなし）	ZW30(L)	D1803D		103N-1	836PW	50-80		
240	（区分見出しなし）	ZW40	V2403D		103N-1	836PW	50-80		
240	（区分見出しなし）	ZW50	V2403D		103N-1	836PW	50-80		
240	（区分見出しなし）	ZW140	QSB4.5						データ欄は空欄（機種名・エンジン名のみ印字）
240	（区分見出しなし）	ZW150	QSB4.5						データ欄は空欄（機種名・エンジン名のみ印字）
240	（区分見出しなし）	ZW180	QSB6.7						データ欄は空欄（機種名・エンジン名のみ印字）
240	（区分見出しなし）	ZW220			121CZ	977KPHW	529NPF+323PF	HL4656608	エンジン欄は空欄。備考欄に小さな薄い印字あり（HCT=265671...に見えるが判読不可）
240	（区分見出しなし）	ZW250							データ欄は空欄（機種名のみ印字。エンジン欄も空欄）
240	（区分見出しなし）	ZW310	OM460LA						データ欄は空欄（機種名・エンジン名のみ印字）
