213	（区分見出しなし）	KA1200	8DC9								紙面が右下がりに大きく傾いており、右側列は罫線を追って行に対応させた（突き合わせ済み）。ラベルは行の左上寄りに印字される
213	（区分見出しなし）	KA1300	8M22キャリア		138L		529PF				機種名は2行にまたがる結合セル
213	（区分見出しなし）	KA1300	6D16クレーン		137K		207MF				機種名は2行にまたがる結合セル
213	（区分見出しなし）	KA1300SL	クレーン								機種名は2行にまたがる結合セル。データ欄は空欄（機種名・エンジン名のみ印字）
213	（区分見出しなし）	KA1300SL	キャリア		137K	495BNTW	207MF	136H	207HS		機種名は2行にまたがる結合セル
213	（区分見出しなし）	KA1300R						136H+203H			エンジン欄は空欄。HYD欄のみ印字
213	（区分見出しなし）	KA2000	RE804								データ欄は空欄（機種名・エンジン名のみ印字）
213	（区分見出しなし）	KA2200									データ欄は空欄（機種名・エンジン名のみ印字）。エンジン欄も空欄
213	（区分見出しなし）	KA3000A									データ欄は空欄（機種名・エンジン名のみ印字）。エンジン欄も空欄
213	（区分見出しなし）	KA4000R			BZO-002						OIL欄のみ印字。エンジン欄は空欄
213	（区分見出しなし）	KB1500R									データ欄は空欄（機種名・エンジン名のみ印字）。エンジン欄も空欄
213	（区分見出しなし）	KC30	S4F								データ欄は空欄（機種名・エンジン名のみ印字）
213	（区分見出しなし）	KE1200			121CG+322K		204FN				エンジン欄は空欄（結合）。AIR欄は空欄
213	（区分見出しなし）	KE1500	6D34		121CG+322K/323KWD	810P	204FN				
213	（区分見出しなし）	KE1500-II	6BG1		121CD+121BD	810N	109HFN				
213	（区分見出しなし）	KE1500-III			3970LF	810N	6140KF+1065FS	136H	207HS		エンジン欄は空欄
213	（区分見出しなし）	KR10H(L)	W04C		334K	812M/810TS	109HFN	136H-275			
213	（区分見出しなし）	KR10H(L,S)	W04C		122KD	494KW	109HFN				その他欄: T=1114
213	（区分見出しなし）	KR20H-3	6D14(16)T		137W/137K	490NN	204FN	136H	207HS+103K		その他欄: T=1114
213	（区分見出しなし）	KR22H	6D16T		137K	495BNTWA	204FN	136H	207HS+103K		その他欄: T=1114
213	（区分見出しなし）	KR22H-2	6D16		137K	495BNTWA	204FN	136H	207HS+103SS		その他欄: T=1114
213	（区分見出しなし）	KR25H	6D-16		137W/137K	490NN	204FN				
213	（区分見出しなし）	KR25HV-2	6D16T		137K	495BNTWA	204FN	136H-275×2	207HS+103K		その他欄: T=1114
213	（区分見出しなし）	KR25HV-3	6D16T		137K	495BNTW(A)	204FN	136H-275×2	207HS+103K		その他欄: T=1114
213	（区分見出しなし）	KR25H-3KL	6D16T		137W/137K	490NN	204FN	136H	207HS		その他欄: T=1114
213	（区分見出しなし）	KR25HV(5),LE	6D16T		137W	490NN	204FN	136H	207HS+103K+317HK		その他欄: T=1114
213	（区分見出しなし）	KR25HV-5	6D16		137K	495BNTWorA	207MF	136H	207HS+103K+317HK		
213	（区分見出しなし）	KR25HV-7	6M60		137K	977KPWA	322PF	136H	207HS+103K+203H		その他欄: T=1114
213	（区分見出しなし）	KR30H-3	6D22		138	815NNA	207MF	136H	207HS		その他欄: T=1114
213	（区分見出しなし）	KR35H-3	6D22		138	815NNA	207MF	136H	207HS		その他欄: T=1114
213	（区分見出しなし）	KR35HV	6D22T		138	495BN	207MF	136H	207HS+103K		その他欄: T=1114
213	（区分見出しなし）	KR35HV-2	6D24		138	495BHWA	207MF				
213	（区分見出しなし）	KR45HV,S,LE	6D22TC		138	495BHWA	207MF	136H-275×2	103K		その他欄: T=1114
213	（区分見出しなし）	KR50	6D22		138	495BHWA	207MF	136H×2	207HS		その他欄: T=1114
213	（区分見出しなし）	KR50H(V,L)	6D22(24)TC		138	495BHWA	207MF	136H-275×2	207HS+103K		その他欄: T=1114
213	（区分見出しなし）	KR50H-F	OM936L								データ欄は空欄（機種名・エンジン名のみ印字）
213	（区分見出しなし）	KR65H			138	496W	208MF	136H-275×2	103K		エンジン欄は空欄
213	（区分見出しなし）	KR70H	6D24		138	495BHWA	207MF	136H-275×2	207HS+103K		その他欄: T=1114
213	（区分見出しなし）	KR70H-L	6M70		138P		529PF				AIR欄は空欄。その他欄: PCV=565BF
213	（区分見出しなし）	KR80H-F(SL850)	E13C		327PLWN	[119-74004100]	541PFN				AIR欄は純正番号表示（淡色・検証中）。その他欄: PCV=541BF, T=1114
