68	ホイールローダー	WH200-1			121CHD	810T	109HFN				
68	ホイールローダー	WH200-2			121CHD	810P	109HFN				
68	ホイールローダー	WHM120	K5B		103N-1	837N	564K				
68	ホイールローダー	LX15-2	D1105-KA		108	837N	30-85/564KSN				
68	ホイールローダー	LX15SL-3	D1105-KA								
68	ホイールローダー	LX15-(SL)7	D1105		203	837P	532-85	207HS			
68	ホイールローダー	LX20-1	3TN84	1~	106S	837N	50-90	207HS		317H	
68	ホイールローダー	LX20-2	3LD1	1001~	203	837N-190/838N	532-65	207HS		317H	
68	ホイールローダー	LX20(SL)-3	3LD1		203	837N-190	532-65			317H	
68	ホイールローダー	LX20(SL)-7	D1503		103N-1	837P	532-85	207HS			
68	ホイールローダー	LX26	D1402		103N-1	837N	564KSN				
68	ホイールローダー	LX30-1	4TNA78T		106S	837N	50-90	207HS		317H	
68	ホイールローダー	LX30-2,3	3TNE84T		106S	837N	50-90	207HS		317H	
68	ホイールローダー	LX30-7	D1503T		103N-1	837P	532-85				
68	ホイールローダー	LX40-2	3TNE84T		106S	837N	50-90	207HS			
68	ホイールローダー	LX40-3	3TNE84T		106S	837N	50-90	207HS		317H	
68	ホイールローダー	LX40-7	D1503T		103N-1	837P	532-85				
68	ホイールローダー	LX50-1	4TN100		204Y	836NW	107SF			317H(HST)	
68	ホイールローダー	LX50-2			204Y	836NW	107SF				
68	ホイールローダー	LX50-2C	4TNE98		203	836NW	107SF				
68	ホイールローダー	LX50-7	V3300		103N-1	839P	101SFN				
68	ホイールローダー	LX50-7	H25CNG								
68	ホイールローダー	LX60-7	V3300		103N-1	839P	101SFN				
68	ホイールローダー	LX60-7									
68	ホイールローダー	LX70-1	4BD1T		209S	823NH	109SFN				
68	ホイールローダー	LX70-2(C)	W04CT		122KDT	810P(W)	109HFN	315HL		315HL	
68	ホイールローダー	LX70(SS)-5	4BG1T		209S	823T	516KH				
68	ホイールローダー	LX70-7	4BG1T		209S	823P	516KH	315HL			
68	ホイールローダー	LX80-1	6BD1		121CHD	810TW	109HFN				
68	ホイールローダー	LX80-2	W04CT		122KDT	810P(W)	109HFN	315HL		315HL	
68	ホイールローダー	LX80-5	4BG1T		209S	823T					
68	ホイールローダー	LX80-7	4BG1T		209S	823NHA	516KH				
68	ホイールローダー	LX100-1	6BD1T		121CHD	490NN	109HFN	4220609			HYD欄は薄い印字
68	ホイールローダー	LX100-2	WO6DT		122KDT		109HFN				
68	ホイールローダー	LX100-5									
68	ホイールローダー	LX100-7			121CD+121BD	815NN	109HFN				
68	ホイールローダー	LX110-7	6BG1T		121CD+121BD	815NN	109HFN				
68	ホイールローダー	LX120	H06C-T		121CHD		334KF				
68	ホイールローダー	LX120-2	H07CT		122KDT		334KF				
68	ホイールローダー	LX120-5									
