231	ブームリフト	B240	S4E2		103-3	564	836N		この会社のページは列見出しが「オイル→燃料→エア→作動油」の順で、見出しの下に印字された値をそのまま入れた（燃料欄に836Nなどエア系の品番、エア欄に564・516KHなど燃料系の品番が並んでいる。見出しの入れ違いの可能性。原本で要確認）。紙面が傾いており、傾き補正画像で確認。機種名とデータ行は並び順（機種名11・データ行11）で対応させた
231	ブームリフト	B241	4JB1 / 4JA1		200D	516KH	836N		
231	ブームリフト	B242	4JB1 / 4JA1		200D	516KH	836N		
231	ブームリフト	B242S	4JB1		108	107SF	837N		
231	ブームリフト	CR90	C240		200DH	107SF	837N		
231	ブームリフト	D502	V1505		108	564K	836R		
231	ブームリフト	D705	V1505		108	564K	836R		
231	ブームリフト	FL170	4JB1 / 4JA1		200D	516KH	836N		
231	ブームリフト	FL171	4JB1 / 4JA1		200D	516KH	836N		
231	ブームリフト	HZC90	K4M		108	50-90	837N		
231	ブームリフト	HZC120	4JA1		200D	516KH	837N		
231	ブームリフト	RM-03B	4M50		108	107SF	837N		
231	ブームリフト	RM-04B	4M50		108	107SF	837N		
231	ブームリフト	RV-091	C240		200DH	101SFN	837N		
231	ブームリフト	RV-093	4JB1		106DS	101SFN	836N		
231	ブームリフト	RV-120	C240		200DH	101SFN	837N		
231	ブームリフト	RV-123	4JB1		106DS	101SFN	836N		
231	ブームリフト	RX-05B				830		109HFS	
231	ブームリフト	RX-07B				830		109HFS	
231	ブームリフト	SM-05A			338N	570	838N		エンジン欄は空欄
231	ブームリフト	SP-10C SN	4TNV88		203	107SF			FUEL欄は空欄
231	ブームリフト	SP-12A-02	AA-4LE1		203	532-85	837NR		
231	ブームリフト	SP-12C	C240		200DH	516KH	837N		
231	ブームリフト	SP-12CSN	4TNV88		203	107SF			FUEL欄は空欄
231	ブームリフト	SP-14C	A-4JB1		108	107SF	837N		
231	ブームリフト	SP-18A	S4E-2		108	107SF	837NHA		
231	ブームリフト	SP-19CSM	YDN-4TNV98C		108	107SF	836P		
231	ブームリフト	SP-21A	4J01 / 4JB1		108	107SF	837NHA		機種名は2行にまたがる結合セル
231	ブームリフト	SP-21A	4LE2		206I	516KS	823NHA		機種名は2行にまたがる結合セル
231	ブームリフト	SP-25A.B	4JB1.4JG1		108	107SF	837NHA		
231	ブームリフト	SP-25B	4LE2		206I	516KS	823NHA		
231	ブームリフト	SP-25CSM	4LE2X-YBB		108	107SF	839P		
231	ブームリフト	SP-090	VH009 / 2DL / 3CE / C45 / K3D		203 / 203C	30-85	837N	P-3501-3-10U	機種名は3行にまたがる結合セル。エンジン欄は小さな印字
231	ブームリフト	SP-090	V1100B		203	30-85	837N-190		機種名は3行にまたがる結合セル
231	ブームリフト	SP-090	V1200B		203	30-85	837N		機種名は3行にまたがる結合セル
231	ブームリフト	SP-150	S4E2 / S3E2		103-3	564	823NHA		
