202	（区分見出しなし）	AT72TT									データ欄は空欄（機種名のみ印字。エンジン欄も空欄）。紙面がやや右下がりだが、全列が機種名の行とほぼ一致している（突き合わせ済み）
202	（区分見出しなし）	AT80TT									データ欄は空欄（機種名のみ印字。エンジン欄も空欄）
202	（区分見出しなし）	AT81TG									データ欄は空欄（機種名のみ印字。エンジン欄も空欄）
202	（区分見出しなし）	AT100TE									データ欄は空欄（機種名のみ印字。エンジン欄も空欄）
202	（区分見出しなし）	AT100S									データ欄は空欄（機種名のみ印字。エンジン欄も空欄）
202	（区分見出しなし）	AT101TE	W04D		334K	494KW	109HFN				
202	（区分見出しなし）	AT105TE									データ欄は空欄（機種名のみ印字。エンジン欄も空欄）
202	（区分見出しなし）	AT100TG	4HF1		324CWN	830C	516KS				機種名は4行にまたがる結合セル
202	（区分見出しなし）	AT100TG	4HL1								機種名は4行にまたがる結合セル。データ欄は空欄（機種名・エンジン名のみ印字）
202	（区分見出しなし）	AT100TG	4D33								機種名は4行にまたがる結合セル。データ欄は空欄（機種名・エンジン名のみ印字）
202	（区分見出しなし）	AT100TG	4M51		323KWD		322PFS				機種名は4行にまたがる結合セル。AIR欄は空欄
202	（区分見出しなし）	AT115S	4D35		322DW	499P	106FN	[HA-5058]			HYD欄は純正番号表示（淡色・検証中）
202	（区分見出しなし）	AT120	4D33		322DW	823NH/499M	106SFN				
202	（区分見出しなし）	AT120TG	4BE1		324CN+324B	830	516KH	103SS要確認			機種名・AIR・FUEL欄は2行にまたがる結合セル。HYD欄の「103SS要確認」の「要確認」は原本の印字
202	（区分見出しなし）	AT120TG	4D35					103SS要確認			機種名・AIR・FUEL欄は2行にまたがる結合セル。HYD欄の「103SS要確認」の「要確認」は原本の印字
202	（区分見出しなし）	AT120S	4HF1								データ欄は空欄（機種名・エンジン名のみ印字）
202	（区分見出しなし）	AT120SR	4HL1		324P	830L	109PF				
202	（区分見出しなし）	AT121TG	4M51		324P	830PDN	324PF+324WS	103SS要確認			HYD欄の「103SS要確認」の「要確認」は原本の印字
202	（区分見出しなし）	AT121TT									データ欄は空欄（機種名のみ印字。エンジン欄も空欄）
202	（区分見出しなし）	AT130	4HG1								データ欄は空欄（機種名・エンジン名のみ印字）
202	（区分見出しなし）	AT141TE	K4F		108S	838N	32CD				
202	（区分見出しなし）	AT146	V1505		108	838NT	564KSN				
202	（区分見出しなし）	AT150DW									データ欄は空欄（機種名のみ印字。エンジン欄も空欄）
202	（区分見出しなし）	AT150TE									データ欄は空欄（機種名のみ印字。エンジン欄も空欄）
202	（区分見出しなし）	AT150S	JO5C								機種名は4行にまたがる結合セル。データ欄は空欄（機種名・エンジン名のみ印字）
202	（区分見出しなし）	AT150S	4HG1		324CWN	830C	516KH	103SS			機種名は4行にまたがる結合セル
202	（区分見出しなし）	AT150S	4HJ1		121CW	833T	109HFS				機種名は4行にまたがる結合セル
202	（区分見出しなし）	AT150S	4D35								機種名は4行にまたがる結合セル。データ欄は空欄（機種名・エンジン名のみ印字）
202	（区分見出しなし）	AT155	4D32		200D+322K	836N	106SFN				
202	（区分見出しなし）	AT155TG						103SS			エンジン欄は空欄。HYD欄のみ印字
202	（区分見出しなし）	AT155CG									データ欄は空欄（機種名のみ印字。エンジン欄も空欄）
202	（区分見出しなし）	AT157CG									データ欄は空欄（機種名のみ印字。エンジン欄も空欄）
202	（区分見出しなし）	AT160TG	4BG1		324CN+324B						AIR・FUEL欄は空欄
202	（区分見出しなし）	AT170TG									データ欄は空欄（機種名のみ印字。エンジン欄も空欄）
202	（区分見出しなし）	AT180S	6D16		137KD	494U	204FN				
202	（区分見出しなし）	AT180S	6HH1								データ欄は空欄（機種名・エンジン名のみ印字）
202	（区分見出しなし）	AT185CG									データ欄は空欄（機種名のみ印字。エンジン欄も空欄）
202	（区分見出しなし）	AT185TG	4D31		200D+322K	823NH	106SFN/107SF				
202	（区分見出しなし）	AT195CG									データ欄は空欄（機種名のみ印字。エンジン欄も空欄）
202	（区分見出しなし）	AT200TG	4D35		322DW		106FN				AIR欄は空欄
