190	（区分見出しなし）	FL320	8DC20		136N	875HW	529N		103SS		機種名は2行にまたがる結合セル。その他欄に小さな薄い印字あり（判読不可）。紙面が傾いており、上部（FL320〜FL2000）は右側列が機種名より約20〜35px上にずれて見える。下部はほぼ一致。行ごとに位置を確認して対応させた
190	（区分見出しなし）	FL320	8DC61C		138	494TS	109HFN	150-450	103SS		機種名は2行にまたがる結合セル。その他欄: 95-155
190	（区分見出しなし）	FL325-1	6BG1T		121CD+121BD	815NN	109HFN	150-450	103SS		その他欄: 1114
190	（区分見出しなし）	FL325-3	6BG1T		121CD+121BD	495B(A)	207MF	150-450			その他欄: 1114
190	（区分見出しなし）	FL330	6D22CT		138	495B	207MF	150-450			
190	（区分見出しなし）	FL330-1	6D22T		138	490NN	529K				
190	（区分見出しなし）	FL335・345	NE6T		226N/123K	490NN	109HFN/165FN				
190	（区分見出しなし）	FL335-3・345-3			121CZ				エンジン欄は空欄		
190	（区分見出しなし）	FL355-3									データ欄は空欄（機種名・エンジン名のみ印字）。エンジン欄も空欄
190	（区分見出しなし）	FL365旧	PE6T34		226+227NP	495B	529K				
190	（区分見出しなし）	FL365新	PE6T34		226N+227NP		529K				AIR欄は空欄
190	（区分見出しなし）	FL365-3									データ欄は空欄（機種名・エンジン名のみ印字）。エンジン欄も空欄
190	（区分見出しなし）	FL460	RD8T04		228+227NP	492N	546+228F		150-450		その他欄に小さな薄い印字（判読不可）
190	（区分見出しなし）	FL2000	6BD1		135		529N				
190	（区分見出しなし）	FX005-1	OC62-D-BH								データ欄は空欄（機種名・エンジン名のみ印字）
190	（区分見出しなし）	FX005-2	OC62-D-BH								データ欄は空欄（機種名・エンジン名のみ印字）
190	（区分見出しなし）	FX007(N)	Z430		203		30-85				AIR欄は空欄
190	（区分見出しなし）	FX008-2	D722		203	KWA300	30-85	6219H			
190	（区分見出しなし）	FX012(H)	Z620		203	838N/KWA300	30-85				
190	（区分見出しなし）	FX012-1	D622		203S	838N/KWA300	30-85				
190	（区分見出しなし）	FX013-2	D722		203	KWA300	30-85				
190	（区分見出しなし）	FX014(H)	D950		203	838N	30-85				
190	（区分見出しなし）	FX014-1	D1105		203	838N	30-85				
190	（区分見出しなし）	FX014UR	D722		203	838N/KWA300	30-85	6219H			
190	（区分見出しなし）	FX015-2	D1105		203	838N/KWA300	30-85				
190	（区分見出しなし）	FX020-2	D1105		203	838N/KWA300	30-85				
190	（区分見出しなし）	FX021UR	D1105		203	838N/KWA300	30-85	6219H			
190	（区分見出しなし）	FX022-2	D1105		203	838N/KWA300	564KSN	6219H			
190	（区分見出しなし）	FX022UR	D1105		203	838NT/838N/KWA300	564KSN	6219H			
190	（区分見出しなし）	FX024(H)	D950		203	838N	564KSN				
190	（区分見出しなし）	FX025-2	D1105		203	838N/KWA300	564KSN	6219H			
190	（区分見出しなし）	FX026,027(H)	D1402		103N-1	837N	564KSN		103SS		
190	（区分見出しなし）	FX028-2	V1505		108	837R	564KSN	6212H			
190	（区分見出しなし）	FX030(H)	D1402		103N-1	837N	564KSN		103SS		
190	（区分見出しなし）	FX030-2	V1505		108	837R	564KSN	6212H			
190	（区分見出しなし）	FX031UR	V1505		108	837R	50-90	6219H			
190	（区分見出しなし）	FX032UR,042UR	V1505		108	837R	564KSN	6212H			
190	（区分見出しなし）	FX032UR	V1505		108	837R	564KSN				
190	（区分見出しなし）	FX033(H)	V1902		103N-1	836N	564KSN		207HS		
