41	WLホイルローダ・TTL・トラックタイプローダ	980B		89P1~1829,1830?	196	870×2	207M	193	193×2	1210	SERIALは原本ではENGINE欄に極小文字で印字（判読困難・原本確認）。AIR～TM欄は上3段結合
41	WLホイルローダ・TTL・トラックタイプローダ	980B		89P1830~?	196K	870×2	207M	193	193×2	1210	SERIALは原本ではENGINE欄に極小文字で印字（判読困難・原本確認）。OIL欄は下3段結合、AIR～TM欄は上3段結合
41	WLホイルローダ・TTL・トラックタイプローダ	980B		89P1~1878	196K	870×2	207M	193	193×2	1210	SERIALは原本ではENGINE欄に印字。OIL欄は下3段結合、AIR～TM欄は上3段結合
41	WLホイルローダ・TTL・トラックタイプローダ	980B		89P1879~	196K	880P	207MF	193	193×2	1210	SERIALは原本ではENGINE欄に印字。OIL欄は下3段結合
41	WLホイルローダ・TTL・トラックタイプローダ	980B(C)	63X		197K	880P		193H×4		1210	ENGINE欄は原本の印字どおり「63X」
41	WLホイルローダ・TTL・トラックタイプローダ	980C	3406	13B	197K	880PUW	[9M2341?]	193H×4		1210	FUEL欄の淡色番号は「9M2341」と読める（判読不確実・原本確認）
41	WLホイルローダ・TTL・トラックタイプローダ	980C-TUN	3406E1TA		197K	880PUW	[9M2341?]	193H×4		1210	FUEL欄の淡色番号は「9M2341」と読める（判読不確実・原本確認）
41	WLホイルローダ・TTL・トラックタイプローダ	980F	3406	5XJ	197K	880P		193H×4		1210
41	WLホイルローダ・TTL・トラックタイプローダ	980F	3406E1TA	5XJ	197K	880PUW		193H×4		1210
41	WLホイルローダ・TTL・トラックタイプローダ	980F-Ⅱ	3406E1TA	5XJ	197K	880PUW		193H×4		1210
41	WLホイルローダ・TTL・トラックタイプローダ	980G	3406E1TA	2SR	197K	880PUW	207MH	193H×4		1210
41	WLホイルローダ・TTL・トラックタイプローダ	980GⅡ	3406E
41	WLホイルローダ・TTL・トラックタイプローダ	980H	C15		197K	880PNUSW	1R0762+1R0770
41	WLホイルローダ・TTL・トラックタイプローダ	982M	C13
41	WLホイルローダ・TTL・トラックタイプローダ	983	38K		194	890G	207M×2	193×3	193×2	193×2	ENGINE欄は原本の印字どおり「38K」
41	WLホイルローダ・TTL・トラックタイプローダ	983	58X		197K	880P	207MH	193H×2	193	193	ENGINE欄は原本の印字どおり「58X」
41	WLホイルローダ・TTL・トラックタイプローダ	988		87A1~1878	194	977K×2	596	193×2	193	193	SERIALは原本ではENGINE～SERIAL欄に印字。OIL・HYD・ST・TM欄は3段結合（共通）
41	WLホイルローダ・TTL・トラックタイプローダ	988		87A1879~	194	977K×2	207M×2	193×2	193	193	OIL・HYD・ST・TM欄は3段結合（共通）
41	WLホイルローダ・TTL・トラックタイプローダ	988		87A9075~	194	880PN	207M	193×2	193	193	OIL・HYD・ST・TM欄は3段結合（共通）
41	WLホイルローダ・TTL・トラックタイプローダ	988B	3408	50W	197K×2	880PN/880PNUW		1R0732×2		1210
41	WLホイルローダ・TTL・トラックタイプローダ	988F	3408	8YG	197K×2	880PN		1R0732×2		1210
41	WLホイルローダ・TTL・トラックタイプローダ	988F-Ⅱ	3408	8YG	197K×2	880PNUW		1R0732×2		1210
41	WLホイルローダ・TTL・トラックタイプローダ	988G	3456		197K×2	880PNUSW	207MH	167-2009		150KBS×3
41	WLホイルローダ・TTL・トラックタイプローダ	988H	C18	C18-JE3-TAA
41	WLホイルローダ・TTL・トラックタイプローダ	988K
41	WLホイルローダ・TTL・トラックタイプローダ	990	3412	4FR	197K×2	880PNUW		[4T3134×2]		[9W2933×2?]	TM欄の淡色番号は「9W2933×2」と読める（判読不確実・原本確認）
41	WLホイルローダ・TTL・トラックタイプローダ	990	3412E	7HK	197K×2	880PN×2/880PNUW		[4T3134×2]		1210
41	WLホイルローダ・TTL・トラックタイプローダ	990-Ⅱ	3412E
41	WLホイルローダ・TTL・トラックタイプローダ	992	25K		196×3	977K×2	596×4	193×2	1200	193	ENGINE欄は原本の印字どおり「25K」
41	WLホイルローダ・TTL・トラックタイプローダ	992B	D348	25K1170~	191AN×3	880P	596×2	193×2	1R0728	193
41	WLホイルローダ・TTL・トラックタイプローダ	992C	3412	42X	197K×2	880PN×2		1R0732×4	1R0732×2	193	OIL・HYD・ST欄は2段結合（共通）
41	WLホイルローダ・TTL・トラックタイプローダ	992C	3412	49Z	197K×2	880PN×2/880PNUW×2		1R0732×4	1R0732×2	193×2	OIL・HYD・ST欄は2段結合（共通）
41	WLホイルローダ・TTL・トラックタイプローダ	992D	3412	7MJ	197K×2	880PN×2		1R0732×4		193	OIL・HYD欄は2段結合（共通）
41	WLホイルローダ・TTL・トラックタイプローダ	992D	3412	7MJ	197K×2	880PNUW×2		1R0732×4		193×2	OIL・HYD欄は2段結合（共通）
41	WLホイルローダ・TTL・トラックタイプローダ	992G	3508B	7HR	197K×2	[123-6855+6856]	1R0755×2	[9T0973]		[132-8876?]	TM欄の淡色番号は「132-8876」と読める（判読不確実・原本確認）
41	WLホイルローダ・TTL・トラックタイプローダ	992G	3508B
41	WLホイルローダ・TTL・トラックタイプローダ	994	3516	9YF	197K×4	[7W5313+6N644×4]	1R0755×2	[4T3132×2]	193H×2	193×2
41	WLホイルローダ・TTL・トラックタイプローダ	994F	3516B
41	WLホイルローダ・TTL・トラックタイプローダ	AF240	KE150		106S	837N	532-65
41	WLホイルローダ・TTL・トラックタイプローダ	AF300	KE150T		106	837N	532-65
