147	（区分見出しなし）	PDS265S-503	4BD1		338N	823NHR	670		810T	165KBH	FUEL欄は「670」と印字（前ページの同機種は570。原本で要確認）。紙面が右下がりに大きく傾いており、列ごとの下がり幅を補正して行に対応させた（行対応は要照合・撮り直し推奨）
147	（区分見出しなし）	PDS265S-504	4BG1		209S	823NHR	109SFN		810T	165KBH	
147	（区分見出しなし）	PDS265AC-4B1	2B-BD30T		103C	494KPWA	516KH		E.A.と共用	165KBH	
147	（区分見出しなし）	PDS265SC-4B2	4TNV98T		108	823PW	107SFH		823PW	165KBH	
147	（区分見出しなし）	PDS265SC-5B1	2B-BD30T		103C	494KPWA	516KH+533C		E.A.と共用	165KBH	
147	（区分見出しなし）	PDS265SC-5B2	4TNV98T		108	823PW	107SFH+563WS		823PW	165KBH	
147	（区分見出しなし）	PDS265SC/SD-5C1	4TNV98T		203	823PW	107SFH		823PW	165KBH	
147	（区分見出しなし）	PDS370S	6D120			823NHR					機種名は2行にまたがる結合セル。OIL・FUEL・COMP.AIR・COMP.OIL欄は空欄
147	（区分見出しなし）	PDS370S	6BB1		314-1/121	823N	540		818NS		機種名は2行にまたがる結合セル。その他欄: スピン207HS
147	（区分見出しなし）	PDS375S-6A1	4BG1T		209S	823PW	516KH		833PW	165KBH	
147	（区分見出しなし）	PDS390S	4D31P		200D+322K	815NNA×2	106FN				
147	（区分見出しなし）	PDS390S-403	4D31T		200D+322K	815NNA	207MF+529A		815NNA	150KB	
147	（区分見出しなし）	PDS390S-405	4BD(G)1		209S+121BHD	823PW	516KH+540×2		833PW	150KB	その他欄: 電磁ポンプ=524（行対応は傾きのため不確実）
147	（区分見出しなし）	PDS390S-406	4BG1T		209S+121BHD	823PW	516KH		833PW	150KB	
147	（区分見出しなし）	PDS390S-501	4D31T		200D+322K	815NNA	207MF+529A		815NNA	150KB	
147	（区分見出しなし）	PDS390S-502	4D34		322DW	823PW	106FN		833PW	150KB	
147	（区分見出しなし）	PDS390S-4B1	4BG1		121CZ	823P	109HFN+524P		833P	165KBH	
147	（区分見出しなし）	PDS390SD-4C1	4JJ1		324P	823P	529NPF+323PLH		833P	165KBH	
147	（区分見出しなし）	PDS390S(D)-5B1	4BG1		121CZ	823P	109HFN		833P	165KBH	その他欄: 高圧タイプ150KB（PDS390SD-4C1の行の可能性あり）
147	（区分見出しなし）	PDS390SD-5C1	4JJ1		324P	823P	529NPF+323PLH		833P	165KBH	
147	（区分見出しなし）	PDS400L-5C5	V3800		103N-1	823P	107SFH+101SFN		833P	165KBH	
147	（区分見出しなし）	PDS530S-404	H07CT		122KDT	495BNTW	109HFN		495BHW	150KB	機種名は2行にまたがる結合セル
147	（区分見出しなし）	PDS530S-404	S/#68-4040216~,S/#80-4040071~		121CHD+334KBD	495BNTW	109HFN+532-45		495BHW	150KBH	機種名は2行にまたがる結合セル
147	（区分見出しなし）	PDS530S-4B1			121CWR	810PW	109HFN		495BHW	150KBHS	機種名は2行にまたがる結合セル。エンジン欄は空欄
147	（区分見出しなし）	PDS530S-4B1	S/#4B10060~		120KD	810PW	109HFN		495BHW	150KBHS	機種名は2行にまたがる結合セル
147	（区分見出しなし）	PDS530S-4B2	J08C		120KD	810PW	109HFN		977KPHW	150KBHS	
147	（区分見出しなし）	PDS530S	4HK1		120KD	494KPWA	529NPF+323PLH		???	150KBHS+524S	COMP.AIR欄に薄く小さな印字あり（32143-14300に見えるが判読不可）
147	（区分見出しなし）	PDS555S	H07CT		122KDT	495BNTW	109HFN		495BHW	150KB	機種名は2行にまたがる結合セル
147	（区分見出しなし）	PDS555S	EM100		121+327P	490NNA	541		871N	150KB	機種名は2行にまたがる結合セル
147	（区分見出しなし）	PDS600S	6D20P		138	815NNA	529N		871N		
147	（区分見出しなし）	PDS655	H06CT		122KDT	818NS	108F		871N	150KB	その他欄: スピン207HS
147	（区分見出しなし）	PDS655SP	EM100		121+327P	490NNA	541		490NNA/871N	150KB×2	
147	（区分見出しなし）	PDS655S-404	S/#~68-4040217,S/#~80-4040070		122KDT	495BNTW	109HFN		495BHW	150KB×2	機種名は2行にまたがる結合セル
147	（区分見出しなし）	PDS655S-404	S/#68-4040218~		121CHD+334KBD	495BNTW	109HFN+532-45		495BHW	150KBH	機種名は2行にまたがる結合セル。その他欄: A重油用121F
147	（区分見出しなし）	PDS655S-405	S/#68-4050051~		121CHD+334KBD	495BNTW	109HFN+532-45		495BHW	150KBH	その他欄: A重油用121F
147	（区分見出しなし）	PDS655S-4B1	J08C		120KD	810PW	109HFN+532-45		977KPHW	150KBHS	
147	（区分見出しなし）	PDS655S(D)4C1	6HK1		121CZ	494KPW(A)	529NPF+323PLH		977KPHW	150KBHS+524S	
147	（区分見出しなし）	PDS655S-5B1	#68-4B10140~,5B10055~		120KD						AIR・FUEL・COMP.AIR・COMP.OIL欄は空欄（その他欄に薄い印字あり・判読不可）
147	（区分見出しなし）	PDS670SS	H06CT		122KDT	818NS	108F		871N	150KB×2	
147	（区分見出しなし）	PDS670SD-4C5	4HK1K		121CZ	494KPW(A)	529NPF+323PLH		977KPHW	150KBHS+524S	
