200	（区分見出しなし）	MK-220,280	SA6D108		165K+527K	815NN	165FN		諸岡2.pdf（5ページ目の撮り直し版）から読み取った。紙面がやや傾いており、右側列は機種名より約10〜20px下にずれて見える。行ごとに位置を確認して対応させた
200	（区分見出しなし）	MK240	3306T						データ欄は空欄（機種名・エンジン名のみ印字）
200	（区分見出しなし）	MMC-30	3TN84L		106S		50-90(P/K付)		
200	（区分見出しなし）	MMC-50	3TN84L		204Y(108)		107SF		
200	（区分見出しなし）	MMC-70	F4L						データ欄は空欄（機種名・エンジン名のみ印字）
200	（区分見出しなし）	MMC-80	4TN100L		108	836N	107SF		
200	（区分見出しなし）	MF-25	3TN100		108				
200	（区分見出しなし）	MF-25V	V2203		103N-1	836P	564KSN	4381H	
200	（区分見出しなし）	MF-35			108S				エンジン欄は空欄
200	（区分見出しなし）	MF-40	4TN100		108	836N	107SF		
200	（区分見出しなし）	MF-307					524		エンジン・OIL・AIR欄は空欄
200	（区分見出しなし）	MM-15	K3D						データ欄は空欄（機種名・エンジン名のみ印字）
200	（区分見出しなし）	MM-30	K4F		108S		524		
200	（区分見出しなし）	MM-50	4JB1		200D	836N	516KH		
200	（区分見出しなし）	MM-70	4D95L		103-3N	836N	516KH		
200	（区分見出しなし）	MM-220	SA6D108		165K	815NTW	165FN		
200	（区分見出しなし）	MCC-30	3TN84L		106S		50-90(P/K付)		
200	（区分見出しなし）	MCC-50	3TN100L		204Y(108)		107SF		
200	（区分見出しなし）	MCC-85	4TN100TL		108	836N	107SF		
200	（区分見出しなし）	MC-500	F4L		103-3	823N	201-3?	???	FUEL欄の「201-3?」の?は原本の印字。HYD欄に小さな薄い灰色の印字あり（判読不可）（P81-6237に見える）
200	（区分見出しなし）	MC-750	4D33CZ		322DW	823N	106FN	???	HYD欄に小さな薄い灰色の印字あり（判読不可）（P81-6237に見える）
200	（区分見出しなし）	MC-1000	4D34CT		322DW	823N	106FN	???	HYD欄に小さな薄い灰色の印字あり（判読不可）（P81-6237に見える）
200	（区分見出しなし）	MC-1500	J08C		120KD	815NTW	109HFN	???	機種名は2行にまたがる結合セル。HYD欄に小さな薄い灰色の印字あり（判読不可）（P81-6309に見える）
200	（区分見出しなし）	MC-1500	6BG1T						機種名は2行にまたがる結合セル。データ欄は空欄（エンジン名のみ印字）
200	（区分見出しなし）	MC-2000	C8.2					???	機種名は4行にまたがる結合セル。HYD欄に小さな薄い灰色の印字あり（P81-6309に見えるが判読不可）
200	（区分見出しなし）	MC-2000	H07C		121CHD+334KBD		109HFN	???	機種名は4行にまたがる結合セル。HYD欄に小さな薄い灰色の印字あり（判読不可）（P81-6309に見える）
200	（区分見出しなし）	MC-2000	#9~		137K	815NTW	207MF	???	機種名は4行にまたがる結合セル。エンジン欄はシリアルのみ。HYD欄に小さな薄い灰色の印字あり（判読不可）（P81-6309に見える）
200	（区分見出しなし）	MC-2000	6D16		137K	494KPW	207MF		機種名は4行にまたがる結合セル
200	（区分見出しなし）	MC-3000	LTA10-C		300K	495BNTW	165FN	???	機種名は4行にまたがる結合セル。HYD欄に小さな薄い灰色の印字あり（判読不可）（P81-6309に見える）
200	（区分見出しなし）	MC-3000	K13C			495BNTWA/977KPHW		???	機種名は4行にまたがる結合セル。HYD欄に小さな薄い灰色の印字あり（判読不可）（P81-6309に見える）
200	（区分見出しなし）	MC-3000	#7~		121H+327PH	977KPHW	541	???	機種名は4行にまたがる結合セル。エンジン欄はシリアルのみ。HYD欄に小さな薄い灰色の印字あり（判読不可）（P81-6309に見える）
200	（区分見出しなし）	MC-3000	3126		196K		209F	???	機種名は4行にまたがる結合セル。HYD欄に小さな薄い灰色の印字あり（判読不可）（P81-6309に見える）
200	（区分見出しなし）	MC-4000	3406D		197K	491BW	207MH	???	機種名は2行にまたがる結合セル。HYD欄に小さな薄い灰色の印字あり（判読不可）（P81-6309に見える）
200	（区分見出しなし）	MC-4000	C-15						機種名は2行にまたがる結合セル。データ欄は空欄（エンジン名のみ印字）
200	（区分見出しなし）	MC-5000	SA6D140		150K	491BW	150F	351-10(12)	
200	（区分見出しなし）	MC-6000	C-16		197K				AIR・FUEL欄は空欄
200	（区分見出しなし）	NWC-200	F5802		???	810N	101SFN		OIL欄に小さな薄い灰色の印字あり（16121-3243-0に見えるが判読不可）
