1	ブルドーザ	D10S-1	2D92	#1002~	101H	839N	500E		HYD欄に淡色の純正番号表記あり（判読困難・原本確認）
1	ブルドーザ	D10-2	2D94	#6001~	103-3	839N	500E	103-3
1	ブルドーザ	D20·21(A,S,P)-3	4D92	#20007~	103-3	835N	516B	1221-2
1	ブルドーザ	D20·21-5	4D94	#45001~	103-3	836NW	516KH	33130
1	ブルドーザ	D20·21-6	4D95S	#60001~	103-3N	836NW	516KH	33130
1	ブルドーザ	D20A,AG-7	4D95S	#75001~78603	103-3N	836NW	516KH	33130
1	ブルドーザ	D20P,PG-7A	4D95S	#75001~78603	〃	〃	〃	〃
1	ブルドーザ	D20PL,PLL-7	4D95S	#62001~62453	〃	〃	〃	〃
1	ブルドーザ	D20S,Q-7	4D95S	#61001~61131	〃	〃	〃	〃
1	ブルドーザ	D21A,AG-7	4D95S	#75001~78603	103-3N	836NW	516KH	33130
1	ブルドーザ	D21P,PG-7A	4D95S	#75001~78603	〃	〃	〃	〃
1	ブルドーザ	D21PL-7	4D95S	#62001~62453	〃	〃	〃	〃
1	ブルドーザ	D21S,Q,QG-7	4D95S	#61001~61131	〃	〃	〃	〃
1	ブルドーザ	D21A,P-7T	4D95S	#75001~78603	103-3N	836NR	516KH	33130
1	ブルドーザ	D20·21A-7	4D94E	#78604~	106S	836P(W)	107SF	33130
1	ブルドーザ	D20·21P-7A	4D94E	#78604~	〃	〃	〃	〃
1	ブルドーザ	D20PL,PLL-7	4D94E	#62454~	〃	〃	〃	〃
1	ブルドーザ	D21PL-7	4D94E	#62454	〃	〃	〃	〃
1	ブルドーザ	D20·21S,Q-7	4D94E	#61132~	〃	〃	〃	〃
1	ブルドーザ	D20(PL,PLL)-8	4D94L		203	836P(W)	107SF	33130
1	ブルドーザ	D20(P,A)-8	4D94L		203	836P(W)	107SF	33130
1	ブルドーザ	D21A,P-7T	4D98E	#78604~	106S	836P(W)	107SF	33130
1	ブルドーザ	D21Q-7			203	837P	107SF	33130
1	ブルドーザ	D21(PL)-8(EO)	4D94L	#70001~	203	836P(W)	107SF	33130
1	ブルドーザ	D21(P,A)-8(EO)	4D94L	#90001~	203	836P(W)	107SF	33130
1	ブルドーザ	D27A-10	4D98E	#0002~	203	823NT(W)	3530KF+3530PF
1	ブルドーザ	D27P-10		#0001~
1	ブルドーザ	D27PL-10		#10001~
1	ブルドーザ	D30A,S,P,Q12			314-1	835	540	1221-2
1	ブルドーザ	D30A,S,P,Q15	4D105	#15008~	103-3	835N	540	1221N
1	ブルドーザ	D30A,S,P,Q15	4D105	#15014~	103-3	845	540	1221N,T=1221-2
1	ブルドーザ	D31-16	4D105	E#40138~56494	103-3×2	845	101K	165K
1	ブルドーザ	D31-16	4D105	E#56495~	103-3×2	823NH	101K	165K
1	ブルドーザ	D31-17	4D105	#32001~	165K	823NH	516KH	33130
1	ブルドーザ	D31-18	6D95L	#40001~	103-3N	823NH	516KH	33130
1	ブルドーザ	D31A,AM-20	6D95L	#42001~	〃	〃	〃	〃
1	ブルドーザ	D31P,PL(L)-20(A)	6D95L	#45001~	〃	〃	〃	〃
1	ブルドーザ	D31S,Q,SM-20	6D95L	#41001~	〃	〃	〃	〃
1	ブルドーザ	D31A(M)-20E	S4D102E	#42714~	103-6	810TW	201-3	33130
