163	インバータ発電機	IEG2500	MZ175						データ欄は空欄（機種名・エンジン名のみ印字）
163	インバータ発電機	IEG4000M-Y	ヤマハ4サイクルOHV						データ欄は空欄（機種名・エンジン名のみ印字）
163	インバータ発電機	IEG5500M-Y	ヤマハ空冷4サイクル						データ欄は空欄（機種名・エンジン名のみ印字）
163	インバータ発電機	IDG3100M	Z402E2B-DGSD1		203S	838P/902P	532-85		
163	エンジン溶接機（ガソリンエンジン）	EW130(D)	GX200						データ欄は空欄（機種名・エンジン名のみ印字）
163	エンジン溶接機（ガソリンエンジン）	EGF150F	EH34						データ欄は空欄（機種名・エンジン名のみ印字）
163	エンジン溶接機（ガソリンエンジン）	EGW135	GX200						データ欄は空欄（機種名・エンジン名のみ印字）
163	エンジン溶接機（ガソリンエンジン）	EGW150MC-C,I	EX27DS						データ欄は空欄（機種名・エンジン名のみ印字）
163	エンジン溶接機（ガソリンエンジン）	EGW151MS	EH25-2DS						データ欄は空欄（機種名・エンジン名のみ印字）
163	エンジン溶接機（ガソリンエンジン）	EGW180MS(-V)	EH34DS						データ欄は空欄（機種名・エンジン名のみ印字）
163	エンジン溶接機（ディーゼルエンジン）	DGW200M	2TNE68L		203S	838P	532-85		紙面が大きく傾いており、右側列は機種名の行より下にずれて見える（下に向かって小さくなる）。13機種と13データ行の並び順で突き合わせて対応させた（突き合わせ済み）
163	エンジン溶接機（ディーゼルエンジン）	DGW201M	Z482-B		203S	KWA300/838PSN	30-85		
163	エンジン溶接機（ディーゼルエンジン）	DGW280DM.MTS(-2)	3TNA72L		203	838N	532-85		
163	エンジン溶接機（ディーゼルエンジン）	DGW300MT,MD-2	3TNE68-USW2		203S	838N	532-85		
163	エンジン溶接機（ディーゼルエンジン）	DGW310(D)MC,TIG	D722		203	KWA300/838P	30-85/532-85		
163	エンジン溶接機（ディーゼルエンジン）	DGW311(D)M	3TNE66-USW2		203S	838N	532-85		
163	エンジン溶接機（ディーゼルエンジン）	DGW400DM(i)	D1005-KA		108	837R	50-90		
163	エンジン溶接機（ディーゼルエンジン）	DGW400DMC	D902-K3A		203S	902P	532-85		
163	エンジン溶接機（ディーゼルエンジン）	DGW400MP,GS(W)	D1105		108	837PS	50-90		
163	エンジン溶接機（ディーゼルエンジン）	DGW500DM-SSN	V1505		108	836P	50-90		
163	エンジン溶接機（ディーゼルエンジン）	DGW4×2DM(W)	D722		203	838P	532-85		
163	エンジン溶接機（ディーゼルエンジン）	DGT270M-W	D722		203	KWA300/838P	30-85or532-85		
163	エンジン溶接機（ディーゼルエンジン）	DGT300M(C)-W			203S	KWA300/838P	532-85		エンジン欄は空欄
163	投光機	SLH220EG	GA160RDGS						データ欄は空欄（機種名・エンジン名のみ印字）
163	投光機	SLH220DG	DY23-2DS			RA-23			
163	投光機	SLH430DG	DY27-2DS			DY-27A			
163	投光機	SLH430EG	GA160RDGS						データ欄は空欄（機種名・エンジン名のみ印字）
163	投光機	DCGIS558T	2J		102		535		
163	エンジンカッター	ECD7500S							データ欄は空欄（機種名・エンジン名のみ印字）
163	エンジンカッター	EC7500S							データ欄は空欄（機種名・エンジン名のみ印字）
163	エンジンカッター	EC7600S							データ欄は空欄（機種名・エンジン名のみ印字）
163	ヘッジトリマー	HT2510-750B							データ欄は空欄（機種名・エンジン名のみ印字）
163	ヘッジトリマー	HT2510-1000B							データ欄は空欄（機種名・エンジン名のみ印字）
163	高圧洗浄機（エンジン式）	JE730MV-310A							データ欄は空欄（機種名・エンジン名のみ印字）
