123	クローラキャリア	C30R-2	3TNV88		203	837N/836P	50-90/107SF		
123	クローラキャリア	C30R-2B	3TNV88		203	836P	107SF	317HS	
123	クローラキャリア	C30R-3	4TNV88C		203	855PW/855P	3530KF+3530PF		
123	クローラキャリア	C37R	3TNE80		106S	837N	532-85		
123	クローラキャリア	C40R	4TN100L		204Y	836NW	107SF		
123	クローラキャリア	C50R-1(-2)	4TN100T		204Y	823NHR	107SF		
123	クローラキャリア	C50R-3(C)	4JJ1X		324P	823NHPW	529NPF+323PF		
123	クローラキャリア	C50R-3(A)	4TNE106		108	823PW	107SFH	103SS	
123	クローラキャリア	C50R-5(A)	4TNV94C		108	823NHPW	3530KF+3530PF		
123	クローラキャリア	C50R-5(B)							
123	クローラキャリア	C60R-1	4TN112TL		209S	815NNA	539	110-220	その他欄: 322WS/564WS
123	クローラキャリア	C60R-2IB	4TN112TL		209S	815NNA	539		
123	クローラキャリア	C60R-2新	4TN112TL		207N	815NNA	539		
123	クローラキャリア	C80R(-1)	H06CT		121W	818NS/490NN	539	[13511-00300]	HYD欄は淡色の純正番号表示（13511-00300と読める・やや不確実）
123	クローラキャリア	C80R(-2)	H07C		122KDT	490NN/494KW	334KF		
123	クローラキャリア	C120R	K13D		121H+327P	495BNTW	541		
123	クローラキャリア	CR60			209S	815NNA	541	110-220	その他欄: 564WS油水分離
123	クローラキャリア	CX15	GA180				539		
123	クローラキャリア	FX008-II							
123	クローラキャリア	FX022-II			108	839P	107SFH	197H	
123	クローラキャリア	FX025-II			108	836P	107SFH	197H+G130	
123	クローラキャリア	FX030-II			108	836P	3530KF+3530PF		
123	クローラキャリア	FX035-II			203		3530KF+3530PF	197H	
123	クローラキャリア	FX55UR-II							
123	投光機	LB10	3T72LPS		108	838N	532-65		
123	投光機	LB44BH投光機							
123	投光機	LB104B投光機							
123	投光機	LB114B-G投光機							
123	投光機	LB114B-D投光機							
123	投光機	LB230,240	L40A						
123	投光機	LB430F							
123	投光機	LB1130FB							
123	投光機	LB440,1240	L60A						
123	投光機	LB3000D				121SA(-O)			
123	投光機	MYW300				838N			
123	投光機	RM45(V)	3TNE88						
