79	パワーショベル	SH350(HD)-7	6HK1X		121CZ	977KPHW	529NPF+323PF			518760	ドレン欄は原本で「518760」と印字（他は518670。原文のまま）。紙面が斜めに湾曲しており、機種名と数値の行対応は罫線を追って確認済み
79	パワーショベル	SH350HD-8									紙面が斜めに湾曲しており、機種名と数値の行対応は罫線を追って確認済み
79	パワーショベル	SH400HD	6RB1T		121CHOD	495BHW	165FN			103SS,42-83	紙面が斜めに湾曲しており、機種名と数値の行対応は罫線を追って確認済み
79	パワーショベル	SH400-2(B)			138	495BHW	207MF				紙面が斜めに湾曲しており、機種名と数値の行対応は罫線を追って確認済み
79	パワーショベル	SH400(HD)-3	6SD1TC		121CD+121CHBD×2	496PW	165FN			103SS,42-83	紙面が斜めに湾曲しており、機種名と数値の行対応は罫線を追って確認済み
79	パワーショベル	SH450LHD(-2)			138	495BHW	207MF			103SS,42-83	紙面が斜めに湾曲しており、機種名と数値の行対応は罫線を追って確認済み
79	パワーショベル	SH450L(HD)-3	6SD1TC		121CD	496PW	165FN			103SS,42-83	紙面が斜めに湾曲しており、機種名と数値の行対応は罫線を追って確認済み
79	パワーショベル	SH470HD-6									紙面が斜めに湾曲しており、機種名と数値の行対応は罫線を追って確認済み
79	パワーショベル	SH480LHD-7	6UZ1X								紙面が斜めに湾曲しており、機種名と数値の行対応は罫線を追って確認済み
79	パワーショベル	SH500LHD-6			121CZ	496PW					紙面が斜めに湾曲しており、機種名と数値の行対応は罫線を追って確認済み
79	パワーショベル	SH500LHD-6			121CZ	496PW					紙面が斜めに湾曲しており、機種名と数値の行対応は罫線を追って確認済み
79	パワーショベル	SH500LHD-7	6UZ1X								紙面が斜めに湾曲しており、機種名と数値の行対応は罫線を追って確認済み
79	パワーショベル	SH500LHD-7									紙面が斜めに湾曲しており、機種名と数値の行対応は罫線を追って確認済み
79	パワーショベル	SH800LHD	NC14								紙面が斜めに湾曲しており、機種名と数値の行対応は罫線を追って確認済み
79	パワーショベル	S045	C240		338	837N	516KH/516B				
79	パワーショベル	S10FX	DY27DS								
79	パワーショベル	S20	EL100		121	815NN	540				
79	パワーショベル	S25(LS2500)	C330		338	836N	570				
79	パワーショベル	S30FX	DY41DS								
79	パワーショベル	S35	DA120		314-1	823N	540				
79	パワーショベル	S40	DA120		314-1	823N	540				
79	パワーショベル	S40			347	823NH	540				
79	パワーショベル	S40-L	6BD1		338N	823N	540				
79	パワーショベル	S50F2	2KC1		203(C)	838N	203NF				
79	パワーショベル	S50FX2,3	2KC1		203(C)	838N	203NF				
79	パワーショベル	S60F2	3KA1		203(C)		532N	207HS			
79	パワーショベル	S60FX2	3KA1		203(C)		532N	207HS			
79	パワーショベル	S60FX3	3KB1		203(C)	838N	532-65				
79	パワーショベル	S60PX	3KC1		203(C)	838N	203NF				
79	パワーショベル	S70	ND6		119+227NP	815NN	529N	150-300			AIR・FUEL・HYD欄は2行にまたがる結合セル
79	パワーショベル	S70	PD604		226+227NP	815NN	529N	150-300			AIR・FUEL・HYD欄は2行にまたがる結合セル
79	パワーショベル	S70F2	3KC1		203(C)	838N	203NF	207HS			
79	パワーショベル	S70FX2	3KC1		203(C)	838N	203NF	207HS			
79	パワーショベル	S70FX3	3KC2		203(C)	837N	203NF	207HS			
79	パワーショベル	S75X(U)									
79	パワーショベル	S80F2	3KC1,3KR2		203(C)	838N	203NF	207HS			
79	パワーショベル	S80FX2	3KC1,3KR2		203(C)	838N	203NF	207HS			
79	パワーショベル	S80FX3	3KR2		203C	837N	203NF	207HS			
79	パワーショベル	S85UX	3KC1		203C	838N	203NF				
