222	ミニパワーショベル	IS005S	LEK752C		105	838N	30-58	103SS	紙面はほぼ平らで、全列が機種名の行と一致している（突き合わせ済み）。右端のリターン欄・その他欄は備考に記載（空欄が多い）
222	ミニパワーショベル	IS8				838N			AIR欄のみ印字（OIL欄は空欄）
222	ミニパワーショベル	IS008S	LEH822		105	838N	30-58	103SS	
222	ミニパワーショベル	IS009S	H763		103N-1	837N		207HS	
222	ミニパワーショベル	IS10	2AB1		200S	401	532N/516KH	207HS	機種名は2行にまたがる結合セル。FUEL・HYD欄は結合
222	ミニパワーショベル	IS10	LE892		101	402	532N/516KH	207HS	機種名は2行にまたがる結合セル。FUEL・HYD欄は結合
222	ミニパワーショベル	IS010A	LE892		101	402or837N	516KH	207HS	
222	ミニパワーショベル	IS010S	LEK752C		105	838N	30-58	103SS	
222	ミニパワーショベル	IS011S	H843		103N-1	837N	516KH	207HS	
222	ミニパワーショベル	IS014(S)	3AB1		200S	401	516KH	207HS	
222	ミニパワーショベル	IS015S	3AB1		200S	401	516KH	207HS	
222	ミニパワーショベル	IS018S	C240		G67-O/200DH	837N	516KH		OIL欄の「G67-O」の O と 0 の判別は原本で要確認
222	ミニパワーショベル	IS4	DA120		314-1	836N	540	197H	
222	ミニパワーショベル	IS74	DA120		314-1	810N	540	197H	
222	ミニパワーショベル	IS04H	6BD1		121	823N	540	197H	
222	ミニパワーショベル	IS25	4BA1		338	836N	516KH		
222	ミニパワーショベル	IS7	DA640		347	810N	540	197H	
222	ミニパワーショベル	IS07B	6D11C		137M	810N	322F	103SS	
222	ミニパワーショベル	IS73	6D15C		137W	810N	204FN		
222	ミニパワーショベル	IS85	DS50		121	810N	521N	197H×2	HYDリターン欄: 103SS
222	ミニパワーショベル	IS4FX	DY27DS			RA23		564KSN	HYD欄の位置に「564KSN」と印字（原本の印字どおり。FUEL欄は空欄）
222	ミニパワーショベル	IS4GX	DY27DS			RA23		104NF	
222	ミニパワーショベル	IS4GX-3	DY27DS			RA23orDY27A		104NF	
222	ミニパワーショベル	IS7FX			203C		532-45	104NF	エンジン欄は空欄
222	ミニパワーショベル	IS7GX	GD410					203NFor104NF	HYD欄の位置に「203NFor104NF」と印字
222	ミニパワーショベル	IS7GX-3	2YA1		203T	838T	532-65	104NF	
222	ミニパワーショベル	IS8NX	2TNE68		203S	838P	532-85P		
222	ミニパワーショベル	IS8NX-2	2TNV70		203(S)	838P	532-85P+532SP		
222	ミニパワーショベル	IS8VX	2TNV70		203(S)	838P	532-85P+532SP		
222	ミニパワーショベル	IS9UX	2YA1		203T	838T	532-65	104NF	
222	ミニパワーショベル	IS9UX-3	2YA1		203T	838T	532-65		
222	ミニパワーショベル	IS9VX-3	2TNV70		203(S)	838P	532-85P+532SP		
222	ミニパワーショベル	IS10G	3KC1		203C	838N	532N	207HS	
222	ミニパワーショベル	IS10G(X)	2KC1		203C	838Nor440	203NF	207HS	
222	ミニパワーショベル	IS10G(X)-2	2KC1		203C	838N	203NF		
222	ミニパワーショベル	IS10S	3KA1		203C	838N	203NFor532N		
222	ミニパワーショベル	IS10S2	3KA1		203C	AIRASSY	532N	103SS	AIR欄の「AIRASSY」は品番ではなくエアクリーナーアッシーの意味
222	ミニパワーショベル	IS10F	3KA1		203C	838N	203NFor532N		
222	ミニパワーショベル	IS10F(-2)	3KA1		203C	AIRASSY	532N	103SS	AIR欄の「AIRASSY」は品番ではなくエアクリーナーアッシーの意味
