128	（区分見出しなし）	DCA20SPK	V1902B		103N-1	837N	50-90		
128	（区分見出しなし）	DCA20(S)PK II	V2203		103N-1	837N	50-90		
128	（区分見出しなし）	DCA20(S)PK III・ESK	V2203		103N-1	KGA50	50-90		
128	（区分見出しなし）	DCA20(SPY,PY)	4TN78L		203	837N	50-90		
128	（区分見出しなし）	DCA20SPY II	4TN82L		203	837N	50-90		WS=532S
128	（区分見出しなし）	DCA20SPY III	4TNE88		203	837N/KGA50	50-90		
128	（区分見出しなし）	DCA20SSN	SD2205		120/207S	453/836N	516B/516KH		スピン=165KS
128	（区分見出しなし）	DCA20SSI	C240		338	446NN(401)	516KH		
128	（区分見出しなし）	DCA22SPN	SD2215		120	453	516B		機種名・AIR欄は2行にまたがる結合セル
128	（区分見出しなし）	DCA22SPN	E#391340~		207S	453	516KH		機種名・AIR欄は2行にまたがる結合セル。エンジン欄は2段（下段「E#391340~」はシリアルの可能性）
128	（区分見出しなし）	DCA25SPN	TD2305		103C	413	516KH		
128	（区分見出しなし）	DCA25SPM	S3F		103-3	837N/837N-190	564K		機種名は2行にまたがる結合セル
128	（区分見出しなし）	DCA25SPM	K4ND		108	837N	50-90		機種名は2行にまたがる結合セル
128	（区分見出しなし）	DCA25SPM II	K4ND		108	837N	50-90+524		
128	（区分見出しなし）	DCA25SPT	2J		102	837N	535T		
128	（区分見出しなし）	DCA25SP(B)T II	1DZ		102	837N	101SFN+529A		
128	（区分見出しなし）	DCA25SPI(A,S(P)G)	C240		200DH	446NN	516KH		
128	（区分見出しなし）	DCA25SPI(C,II)	C240		200DH	837N	516KH		機種名は2行にまたがる結合セル
128	（区分見出しなし）	DCA25SPI(C,II)	#3706125~,5418376~		200DH	837P	516KH		機種名は2行にまたがる結合セル。エンジン欄の下段はシリアル
128	（区分見出しなし）	DCA25SPI-C,SBI	4LE		203	837NR/837P	532-85		
128	（区分見出しなし）	DCA25SBI	4LE		203	837N	532-85		
128	（区分見出しなし）	DCA25SPX	4BC2		338	837NR	570		
128	（区分見出しなし）	DCA25SPK・ESK	V2203		103N-1	KGA-50	50-90		
128	（区分見出しなし）	DCA25LSK	V2403		103N-1	837P	50-90		
128	（区分見出しなし）	DCA25USI(-2)	4LE2		203	837P	491F		
128	（区分見出しなし）	DCA25USIB	4LE2		203	837P	491F+524		
128	（区分見出しなし）	DCA25USI-3	4LE2		203	837P	491F+524		
128	（区分見出しなし）	DCA25ESI	4LE2		203	837P	491F		
128	（区分見出しなし）	DCA25ESIB	4LE2		203	837P	491F+524		
128	（区分見出しなし）	DCA27SPI(II)	C240		200DH	446N/837N	516KH		
128	（区分見出しなし）	DCA30SPX	4BC2		338N	837NR	570		機種名・AIR欄は2行にまたがる結合セル
128	（区分見出しなし）	DCA30SPX	4BG1		106DS	837NR	516KH		機種名・AIR欄は2行にまたがる結合セル
128	（区分見出しなし）	DCA35PK	4D95LW		103-3N		516KH		AIR欄は空欄
128	（区分見出しなし）	DCA35S(B)	DA220		314-1	414-8N	540		
128	（区分見出しなし）	DCA35SPI	4BC2		338N	837NR	570		機種名・AIR欄は2行にまたがる結合セル
128	（区分見出しなし）	DCA35SPI	4JG2		106DS	837NR	516KH		機種名・AIR欄は2行にまたがる結合セル
128	（区分見出しなし）	DCA35SPT	1Z		102	837N	101SFN		
128	（区分見出しなし）	DCA40SPX	6BD1		121	823N	540		
128	（区分見出しなし）	DCA40SSA-H(I)	DM100		334	823N/836N	535		機種名・AIR欄は2行にまたがる結合セル
128	（区分見出しなし）	DCA40SSA-H(I)	W04D		334K	836N	564KSN		機種名・AIR欄は2行にまたがる結合セル
