172	（区分見出しなし）	KLD60ZA	6BG1T		121CHD	823Nor494KWA	109HFN	165KH			その他欄: 150KBSM。紙面がやや右上がりで、右側列（HYD・その他）は機種名より約15〜40px上にずれて見える。行ごとに位置を確認して対応させた（要照合）
172	（区分見出しなし）	KLD60ZA-2	6BG1T		121CHD	494KW	109HFN	165KH			その他欄: 150KBSM
172	（区分見出しなし）	KLD60Z-2	6BD1		121CHD	823N	540	110-220			その他欄: 150KBSM
172	（区分見出しなし）	KLD60Z-3	6BD1		121CHD	823N	109HFN	165KH			
172	（区分見出しなし）	KLD60ZV	6BG1		121CZ	494KW	109HFN	165KH			その他欄: 150KBSM
172	（区分見出しなし）	KLD65DV(A),ZA	J08C		120KD	815NTW	109HFN	197H			
172	（区分見出しなし）	KLD65DA	6BG1		121CHD+121BD	815NTW	109HFN				
172	（区分見出しなし）	KLD65Z	DA640(T)		314-1	810N	540				機種名・FUEL欄は2行にまたがる結合セル
172	（区分見出しなし）	KLD65Z	6BD1		121	823N	540				機種名・FUEL欄は2行にまたがる結合セル
172	（区分見出しなし）	KLD65Z-2	6BG1		121	815NN	540/109HFN				機種名は2行にまたがる結合セル
172	（区分見出しなし）	KLD65Z-2	WO6E		334KN	494KW	203FH				機種名は2行にまたがる結合セル
172	（区分見出しなし）	KLD65Z-3	WO6E		334KN	494KW	203FH				
172	（区分見出しなし）	KLD65ZA	6BG1		121CHD	494KW	109HFN	207HS			
172	（区分見出しなし）	KLD65ZV	6BTAA5.9		207N-6	815NTW	201-3+1280F	???			HYD欄に小さな薄い印字あり（30981-60030に見えるが判読不可）
172	（区分見出しなし）	KLD65ZV-2	4HK1X		121CZ	494KPW	529NPF+323PF	197H	150KBS		
172	（区分見出しなし）	KLD70	DA640T		314-1	815NN	540				機種名・AIR・FUEL欄は2行にまたがる結合セル
172	（区分見出しなし）	KLD70	6BD1T		121+349KN	815NN	540				機種名・AIR・FUEL欄は2行にまたがる結合セル
172	（区分見出しなし）	KLD70-2	PD604		226+227NP	833TW	529NW				その他欄: トルコン1114
172	（区分見出しなし）	KLD70ZA	H06(7)C		122KDT	815NTW	108F				機種名・AIR欄は2行にまたがる結合セル
172	（区分見出しなし）	KLD70ZA	6BG1		121CHD+121BD	815NTW	109HFN	150-300	150KBSM		機種名・AIR欄は2行にまたがる結合セル
172	（区分見出しなし）	KLD70Z-2	H07C		122KDT	815NTW	108F				
172	（区分見出しなし）	KLD70Z(N)-2	H06CT		122KDT	833TWA	108F				
172	（区分見出しなし）	KLD70Z-3	H06CT		122KDT	815NTW	108F				
172	（区分見出しなし）	KLD70ZV(DV)	J08C		120KD	495BNTW	109HFN	150-300	150KBS		
172	（区分見出しなし）	KLD70ZV-2	QSB67		3970LF	977KPW	6140KF+19732FS	150-300			
172	（区分見出しなし）	KLD80	E120		347	490NN	570Z				
172	（区分見出しなし）	KLD80Z	PD604		119+227NP	815NN	529NW				
172	（区分見出しなし）	KLD80Z-2	PD604		226+227NP	833TW	529NW				その他欄: トルコン1114
172	（区分見出しなし）	KLD80Z-3	NE6		226N/[123K+123KB]	815NTW	529K				
172	（区分見出しなし）	KLD80ZA	NE6T04		123K	815NTW	529K	150-300			
172	（区分見出しなし）	KLD80ZA-2			123K	815NTW	529K				エンジン欄は空欄
172	（区分見出しなし）	KLD80ZA-3				815NTW					エンジン・OIL・FUEL欄は空欄
172	（区分見出しなし）	KLD80ZA-TN	NE6T		123K	815NTW	529K				
172	（区分見出しなし）	KLD80ZV	J08C		120KD	495BHWA	109HFN+121F	150-300			
172	（区分見出しなし）	KLD80ZV-2	QSC8,3		9009LF	977KPHW	3750KF+FS19732	150-300			
172	（区分見出しなし）	KLD85ZA	PE6T34		226N+227NP	495BHW	529K				
172	（区分見出しなし）	KLD85ZA-K	PE6T		226N+227NP	495BHW	529K+564WS	150-450			
172	（区分見出しなし）	KLD85N-2									データ欄は空欄（機種名のみ印字）
172	（区分見出しなし）	KLD85N-3	PE6T		123K+180KBH		529K				AIR欄は空欄
172	（区分見出しなし）	KLD85Z			226+227NP	495B	529NW				エンジン欄は空欄
